id,typ,upplåtelseform,rum,boyta,boyta_enhet,tillgänglig,created_at,adress,lat,lon,plats_id,sparad,poi_kollektivtrafik,poi_utbildning_kultur,poi_mat_shopping,poi_fritid,poi_religion_tro,poi_halsa,poi_ovrigt
1,hus,köpa,5,120,m²,True,2026-01-04,Bergsgatan 36,59.31848,18.06845,1,0,0,0,0,0,0,0,0
2,lägenhet,köpa,6,144,m²,True,2025-05-24,Parkvägen 78,55.56498,12.97529,2,0,0,0,0,0,0,0,0
3,lägenhet,köpa,4,96,m²,False,2025-11-06,Kungsgatan 81,55.59328,13.02966,3,0,0,0,0,0,0,0,0
4,lägenhet,köpa,4,76,m²,False,2025-05-30,Lindvägen 66,59.34106,18.04995,4,0,0,0,0,0,0,0,0
5,lägenhet,köpa,3,78,m²,True,2025-10-12,Skolvägen 117,59.31236,18.16538,5,0,0,0,0,0,0,0,0
6,hus,köpa,2,52,m²,True,2025-11-20,Björkgatan 96,55.59342,13.03457,3,1,0,0,0,0,0,0,0
7,lägenhet,köpa,1,26,m²,False,2025-11-04,Kungsgatan 106,57.69769,11.95054,6,0,0,0,0,0,0,0,0
8,hus,köpa,4,100,m²,True,2026-04-01,Sveavägen 84,55.56577,12.97858,2,0,0,0,0,0,0,0,0
9,hus,köpa,2,54,m²,True,2026-02-09,Drottninggatan 47,55.61172,12.97875,7,0,0,0,0,0,0,0,0
10,lägenhet,köpa,2,56,m²,True,2025-05-14,Skolvägen 44,59.34131,18.04817,4,0,0,0,0,0,0,0,0
11,hus,köpa,6,162,m²,True,2025-11-04,Bergsgatan 30,59.34186,18.08341,8,0,0,0,0,0,0,0,0
12,lägenhet,köpa,3,72,m²,True,2026-01-04,Björkgatan 14,59.33177,18.02503,9,0,0,0,0,0,0,0,0
13,lägenhet,köpa,6,168,m²,True,2025-06-21,Sveavägen 39,59.33343,17.93997,10,0,0,0,0,0,0,0,0
14,hus,köpa,4,84,m²,True,2025-10-15,Björkgatan 106,59.38614,17.90111,11,0,0,0,0,0,0,0,0
15,lägenhet,hyra,1,27,m²,True,2026-04-15,Parkvägen 56,57.69536,11.93222,12,0,0,0,0,0,0,0,0
16,hus,köpa,1,25,m²,True,2026-01-25,Lindvägen 117,57.72933,11.89971,13,0,0,0,0,0,0,0,0
17,hus,köpa,5,125,m²,False,2025-11-03,Kyrkogatan 13,59.34199,18.08099,8,0,0,0,0,0,0,0,0
18,hus,köpa,3,63,m²,True,2025-06-05,Storgatan 17,59.33638,17.93824,10,0,0,0,0,0,0,0,0
19,lägenhet,köpa,4,80,m²,True,2025-09-22,Parkvägen 30,57.69813,11.95163,6,0,0,0,0,0,0,0,0
20,lägenhet,köpa,2,42,m²,True,2025-12-14,Skolvägen 55,57.71286,11.97698,14,0,0,0,0,0,0,0,0
21,lägenhet,köpa,6,114,m²,True,2025-08-12,Björkgatan 52,59.34119,18.05109,4,0,0,0,0,0,0,0,0
22,lägenhet,hyra,4,92,m²,False,2025-10-12,Skolvägen 25,57.69348,11.95326,6,0,0,0,0,0,0,0,0
23,hus,köpa,2,48,m²,True,2025-06-20,Sveavägen 74,57.71161,11.97291,14,0,0,0,0,0,0,0,0
24,hus,köpa,4,84,m²,True,2026-02-12,Storgatan 118,59.36349,18.14777,15,0,0,0,0,0,0,0,0
25,hus,köpa,1,24,m²,False,2025-12-13,Kungsgatan 18,59.34538,18.04684,4,0,0,0,0,0,0,0,0
26,lägenhet,köpa,5,90,m²,True,2025-05-18,Parkvägen 78,57.73266,11.89995,13,0,0,0,0,0,0,0,0
27,lägenhet,köpa,2,52,m²,True,2025-12-31,Björkgatan 92,59.33906,18.05165,4,1,0,0,0,0,0,0,0
28,hus,köpa,1,18,m²,True,2025-07-06,Parkvägen 52,59.36369,17.99784,16,0,0,0,0,0,0,0,0
29,hus,köpa,6,108,m²,True,2025-08-10,Parkvägen 11,55.58404,12.93216,17,0,0,0,0,0,0,0,0
30,hus,köpa,2,42,m²,True,2025-08-06,Skolvägen 103,59.36017,18.00494,16,1,0,0,0,0,0,0,0
31,hus,köpa,4,104,m²,False,2025-07-31,Strandvägen 111,57.73032,11.89961,13,0,0,0,0,0,0,0,0
32,hus,köpa,5,120,m²,True,2025-07-29,Kungsgatan 81,55.58962,12.92826,17,0,0,0,0,0,0,0,0
33,hus,köpa,6,138,m²,True,2025-07-29,Kyrkogatan 67,55.58772,12.93156,17,0,0,0,0,0,0,0,0
34,hus,köpa,5,115,m²,True,2026-04-13,Sveavägen 54,59.33956,18.04746,4,0,0,0,0,0,0,0,0
35,hus,hyra,2,52,m²,True,2026-05-01,Storgatan 23,59.23939,18.09381,18,0,0,0,0,0,0,0,0
36,lägenhet,köpa,4,104,m²,True,2026-04-04,Drottninggatan 85,59.31185,18.07132,1,0,0,0,0,0,0,0,0
37,lägenhet,hyra,3,75,m²,False,2026-04-26,Skolvägen 94,57.71256,11.97356,14,0,0,0,0,0,0,0,0
38,lägenhet,köpa,2,46,m²,False,2025-12-15,Sveavägen 118,57.69598,11.9365,12,0,0,0,0,0,0,0,0
39,hus,köpa,5,110,m²,True,2025-10-21,Drottninggatan 21,59.36248,17.97256,19,0,0,0,0,0,0,0,0
40,lägenhet,hyra,4,100,m²,True,2026-01-05,Sveavägen 90,59.3833,17.89986,11,0,0,0,0,0,0,0,0
41,hus,köpa,6,114,m²,True,2025-07-22,Lindvägen 6,55.58602,12.93278,17,0,0,0,0,0,0,0,0
42,lägenhet,hyra,5,105,m²,False,2025-12-20,Parkvägen 84,57.69671,11.93447,12,0,0,0,0,0,0,0,0
43,lägenhet,köpa,5,110,m²,True,2026-02-21,Sveavägen 115,57.6966,11.93317,12,0,0,0,0,0,0,0,0
44,hus,köpa,4,80,m²,True,2025-11-13,Lindvägen 18,57.72666,11.90099,13,0,0,0,0,0,0,0,0
45,lägenhet,köpa,2,50,m²,True,2025-07-24,Bergsgatan 112,57.7071,11.97197,14,0,0,0,0,0,0,0,0
46,lägenhet,hyra,3,69,m²,True,2026-01-17,Storgatan 120,59.3589,17.96714,19,0,0,0,0,0,0,0,0
47,hus,köpa,3,78,m²,True,2025-08-26,Bergsgatan 14,55.59144,13.03202,3,0,0,0,0,0,0,0,0
48,lägenhet,hyra,5,110,m²,True,2025-09-07,Drottninggatan 3,55.58883,13.03068,3,0,0,0,0,0,0,0,0
49,hus,köpa,1,23,m²,True,2025-10-14,Lindvägen 111,55.56428,12.97598,2,0,0,0,0,0,0,0,0
50,lägenhet,hyra,6,168,m²,True,2026-04-13,Björkgatan 81,55.58755,13.03029,3,0,0,0,0,0,0,0,0
51,hus,köpa,4,92,m²,True,2025-12-18,Kungsgatan 69,55.59493,13.02931,3,0,0,0,0,0,0,0,0
52,hus,köpa,3,84,m²,True,2025-08-19,Sveavägen 50,55.61289,12.9792,7,0,0,0,0,0,0,0,0
53,lägenhet,hyra,4,92,m²,True,2026-03-08,Kungsgatan 3,59.38585,17.90459,11,0,0,0,0,0,0,0,0
54,lägenhet,köpa,6,138,m²,True,2025-05-19,Skolvägen 67,55.56304,12.97738,2,0,0,0,0,0,0,0,0
55,lägenhet,hyra,2,40,m²,True,2025-12-27,Strandvägen 47,57.69532,11.93396,12,0,0,0,0,0,0,0,0
56,lägenhet,hyra,6,156,m²,True,2025-12-13,Björkgatan 27,57.70114,11.93533,12,0,0,0,0,0,0,0,0
57,lägenhet,köpa,3,60,m²,False,2025-11-03,Storgatan 85,55.58288,12.92813,17,0,0,0,0,0,0,0,0
58,lägenhet,köpa,3,60,m²,True,2025-09-02,Bergsgatan 109,57.69586,11.9557,6,0,0,0,0,0,0,0,0
59,lägenhet,hyra,4,108,m²,False,2025-12-06,Kungsgatan 4,55.58363,12.93395,17,0,0,0,0,0,0,0,0
60,hus,köpa,5,120,m²,True,2025-12-17,Strandvägen 37,55.58523,12.92921,17,0,0,0,0,0,0,0,0
61,hus,köpa,1,21,m²,True,2026-02-07,Björkgatan 120,59.37083,18.15352,15,0,0,0,0,0,0,0,0
62,lägenhet,köpa,2,44,m²,True,2026-03-23,Hornsgatan 19,55.58974,12.9267,17,0,0,0,0,0,0,0,0
63,lägenhet,köpa,2,52,m²,True,2025-07-01,Storgatan 6,55.61458,12.97989,7,0,0,0,0,0,0,0,0
64,lägenhet,hyra,5,90,m²,True,2026-04-27,Hornsgatan 24,59.31145,18.07282,1,0,0,0,0,0,0,0,0
65,lägenhet,köpa,2,36,m²,False,2026-04-16,Storgatan 110,57.69944,11.93561,12,0,0,0,0,0,0,0,0
66,hus,köpa,3,84,m²,True,2026-02-08,Drottninggatan 105,55.56446,12.97174,2,0,0,0,0,0,0,0,0
67,hus,köpa,2,52,m²,False,2025-06-24,Strandvägen 64,59.38022,17.9006,11,0,0,0,0,0,0,0,0
68,hus,köpa,3,60,m²,True,2025-11-14,Parkvägen 1,55.55848,12.97631,2,0,0,0,0,0,0,0,0
69,hus,köpa,2,40,m²,True,2026-04-05,Lindvägen 11,55.5618,12.97675,2,0,0,0,0,0,0,0,0
70,lägenhet,köpa,6,138,m²,False,2026-02-26,Björkgatan 74,59.36272,17.97131,19,0,0,0,0,0,0,0,0
71,lägenhet,köpa,1,27,m²,True,2025-12-10,Storgatan 96,57.71098,11.97114,14,0,0,0,0,0,0,0,0
72,lägenhet,köpa,3,69,m²,True,2025-11-01,Hornsgatan 12,59.36377,18.1473,15,0,0,0,0,0,0,0,0
73,hus,köpa,2,50,m²,True,2025-05-27,Lindvägen 80,59.33417,17.94131,10,0,0,0,0,0,0,0,0
74,hus,köpa,6,126,m²,True,2026-04-13,Kungsgatan 36,55.58791,12.9295,17,0,0,0,0,0,0,0,0
75,hus,köpa,1,24,m²,True,2025-10-08,Lindvägen 46,59.30524,18.00103,20,0,0,0,0,0,0,0,0
76,lägenhet,hyra,4,100,m²,True,2025-06-03,Strandvägen 101,55.58381,12.93345,17,0,0,0,0,0,0,0,0
77,hus,köpa,2,48,m²,True,2025-06-14,Lindvägen 97,55.61625,12.97335,7,0,0,0,0,0,0,0,0
78,lägenhet,köpa,1,23,m²,False,2025-07-14,Storgatan 48,59.35799,18.00237,16,0,0,0,0,0,0,0,0
79,lägenhet,hyra,5,95,m²,True,2025-07-31,Strandvägen 13,55.59261,13.03315,3,0,0,0,0,0,0,0,0
80,hus,köpa,1,18,m²,True,2025-12-05,Storgatan 54,55.56351,12.97339,2,0,0,0,0,0,0,0,0
81,hus,köpa,3,63,m²,True,2026-01-28,Hornsgatan 105,55.58461,12.93252,17,0,0,0,0,0,0,0,0
82,lägenhet,hyra,4,88,m²,True,2026-05-03,Parkvägen 92,57.72853,11.89886,13,0,0,0,0,0,0,0,0
83,hus,köpa,4,76,m²,True,2026-05-07,Björkgatan 55,55.60991,12.97957,7,0,0,0,0,0,0,0,0
84,hus,köpa,3,75,m²,True,2026-02-14,Bergsgatan 45,57.73232,11.90303,13,0,0,0,0,0,0,0,0
85,lägenhet,hyra,6,144,m²,False,2025-08-06,Hornsgatan 5,57.69482,11.95489,6,0,0,0,0,0,0,0,0
86,hus,köpa,5,125,m²,False,2025-10-02,Bergsgatan 21,57.69459,11.95537,6,0,0,0,0,0,0,0,0
87,lägenhet,köpa,1,19,m²,False,2026-03-25,Kyrkogatan 33,59.33169,18.0306,9,0,0,0,0,0,0,0,0
88,lägenhet,hyra,4,112,m²,False,2025-08-10,Skolvägen 70,59.35708,17.97459,19,0,0,0,0,0,0,0,0
89,hus,köpa,2,42,m²,True,2025-09-25,Skolvägen 87,55.61123,12.97336,7,0,0,0,0,0,0,0,0
90,hus,köpa,6,168,m²,True,2025-09-22,Kungsgatan 100,55.55945,12.97124,2,0,0,0,0,0,0,0,0
91,hus,köpa,3,75,m²,False,2025-11-07,Drottninggatan 57,55.6149,12.97236,7,0,0,0,0,0,0,0,0
92,hus,köpa,4,76,m²,False,2026-02-19,Sveavägen 83,55.56397,12.97397,2,0,0,0,0,0,0,0,0
93,hus,hyra,1,19,m²,True,2025-08-20,Lindvägen 52,57.69611,11.948,6,0,0,0,0,0,0,0,0
94,hus,köpa,5,90,m²,True,2025-06-01,Kungsgatan 36,57.69725,11.9345,12,0,0,0,0,0,0,0,0
95,lägenhet,köpa,2,42,m²,False,2026-02-12,Sveavägen 42,57.69738,11.93359,12,0,0,0,0,0,0,0,0
96,lägenhet,köpa,5,125,m²,True,2025-12-04,Skolvägen 27,55.56335,12.97141,2,0,0,0,0,0,0,0,0
97,hus,hyra,4,96,m²,False,2025-07-16,Strandvägen 7,55.59484,13.03349,3,0,0,0,0,0,0,0,0
98,hus,köpa,5,140,m²,True,2026-04-10,Strandvägen 110,59.31009,18.16021,5,0,0,0,0,0,0,0,0
99,hus,köpa,1,27,m²,False,2026-01-30,Storgatan 1,57.69473,11.95259,6,0,0,0,0,0,0,0,0
100,lägenhet,köpa,4,92,m²,True,2025-12-16,Hornsgatan 94,55.58815,12.93316,17,0,0,0,0,0,0,0,0
101,lägenhet,köpa,4,104,m²,True,2026-02-17,Kyrkogatan 30,59.36082,17.97033,19,0,0,0,0,0,0,0,0
102,lägenhet,hyra,2,52,m²,False,2026-05-07,Kungsgatan 27,59.34622,18.04759,4,0,0,0,0,0,0,0,0
103,hus,hyra,5,130,m²,False,2025-10-27,Kungsgatan 35,55.56594,12.97298,2,0,0,0,0,0,0,0,0
104,hus,köpa,4,104,m²,True,2025-08-02,Sveavägen 46,59.24635,18.09374,18,0,0,0,0,0,0,0,0
105,hus,köpa,4,100,m²,True,2026-01-07,Lindvägen 48,59.29881,18.00262,20,0,0,0,0,0,0,0,0
106,hus,köpa,1,23,m²,False,2025-06-01,Drottninggatan 93,55.55852,12.97151,2,0,0,0,0,0,0,0,0
107,hus,köpa,2,54,m²,False,2026-01-25,Kungsgatan 10,59.33673,17.94204,10,0,0,0,0,0,0,0,0
108,hus,hyra,5,115,m²,True,2025-08-18,Strandvägen 49,55.5932,13.03302,3,0,0,0,0,0,0,0,0
109,lägenhet,hyra,1,26,m²,True,2026-02-24,Hornsgatan 26,55.58237,12.92774,17,0,0,0,0,0,0,0,0
110,hus,köpa,3,75,m²,True,2025-09-21,Drottninggatan 58,57.70246,11.93054,12,0,0,0,0,0,0,0,0
111,hus,köpa,3,63,m²,True,2025-06-01,Lindvägen 74,59.36176,18.00031,16,0,0,0,0,0,0,0,0
112,lägenhet,köpa,6,114,m²,True,2026-04-01,Bergsgatan 113,59.33351,17.93622,10,0,0,0,0,0,0,0,0
113,lägenhet,köpa,2,52,m²,True,2025-12-26,Lindvägen 66,59.34585,18.04519,4,0,0,0,0,0,0,0,0
114,lägenhet,köpa,4,92,m²,True,2025-12-30,Björkgatan 60,59.34052,18.04593,4,0,0,0,0,0,0,0,0
115,lägenhet,hyra,5,125,m²,True,2025-08-03,Kungsgatan 115,57.69847,11.94821,6,0,0,0,0,0,0,0,0
116,lägenhet,köpa,4,104,m²,True,2025-11-30,Björkgatan 105,55.58689,12.93071,17,0,0,0,0,0,0,0,0
117,lägenhet,köpa,5,95,m²,True,2025-07-06,Drottninggatan 97,59.33289,18.02938,9,0,0,0,0,0,0,0,0
118,lägenhet,köpa,6,138,m²,True,2025-12-15,Drottninggatan 63,59.3813,17.90444,11,0,0,0,0,0,0,0,0
119,lägenhet,hyra,2,44,m²,True,2025-09-19,Skolvägen 66,59.35791,18.00163,16,0,0,0,0,0,0,0,0
120,lägenhet,köpa,3,60,m²,True,2026-04-09,Storgatan 36,55.5884,12.9269,17,0,0,0,0,0,0,0,0
121,lägenhet,hyra,5,125,m²,True,2025-12-18,Strandvägen 65,55.55861,12.97142,2,0,0,0,0,0,0,0,0
122,lägenhet,köpa,2,36,m²,True,2026-04-17,Sveavägen 110,55.61152,12.97832,7,0,0,0,0,0,0,0,0
123,lägenhet,köpa,6,168,m²,True,2025-06-02,Lindvägen 81,57.70801,11.9727,14,0,2,0,1,0,0,0,0
124,hus,köpa,2,44,m²,True,2025-06-12,Hornsgatan 8,55.58736,12.93263,17,0,0,0,0,0,0,0,0
125,hus,köpa,3,75,m²,False,2025-07-28,Kyrkogatan 6,59.33083,18.028,9,0,0,0,0,0,0,0,0
126,hus,köpa,2,54,m²,True,2025-08-06,Kyrkogatan 101,57.69738,11.9516,6,0,0,0,0,0,0,0,0
127,lägenhet,hyra,3,84,m²,False,2026-02-14,Sveavägen 8,55.56023,12.97783,2,0,0,0,0,0,0,0,0
128,lägenhet,hyra,1,22,m²,True,2025-12-18,Sveavägen 98,55.56065,12.97814,2,0,0,0,0,0,0,0,0
129,hus,köpa,4,104,m²,True,2025-09-09,Strandvägen 65,59.33221,18.02651,9,0,0,0,0,0,0,0,0
130,lägenhet,köpa,4,100,m²,False,2025-11-17,Skolvägen 21,57.69647,11.93447,12,0,0,0,0,0,0,0,0
131,hus,köpa,4,76,m²,False,2025-06-11,Storgatan 116,59.24185,18.09245,18,0,0,0,0,0,0,0,0
132,lägenhet,hyra,1,24,m²,True,2026-03-26,Strandvägen 74,59.33992,18.0828,8,0,0,0,0,0,0,0,0
133,lägenhet,köpa,3,54,m²,False,2026-05-05,Skolvägen 95,59.24621,18.09,18,0,0,0,0,0,0,0,0
134,hus,köpa,6,144,m²,True,2026-03-14,Kungsgatan 44,59.30512,18.00127,20,0,0,0,0,0,0,0,0
135,hus,köpa,5,100,m²,True,2026-01-24,Drottninggatan 94,59.31635,18.07287,1,0,0,0,0,0,0,0,0
136,hus,köpa,6,114,m²,False,2025-07-03,Björkgatan 27,57.72919,11.90048,13,0,0,0,0,0,0,0,0
137,hus,köpa,2,42,m²,True,2025-11-27,Drottninggatan 7,57.69807,11.95105,6,0,0,0,0,0,0,0,0
138,hus,köpa,5,90,m²,False,2025-07-18,Lindvägen 72,59.36305,18.00233,16,0,0,0,0,0,0,0,0
139,hus,köpa,3,63,m²,True,2025-09-15,Storgatan 110,57.7052,11.97265,14,0,0,0,0,0,0,0,0
140,hus,köpa,5,130,m²,True,2025-07-07,Lindvägen 28,59.35748,18.00419,16,0,0,0,0,0,0,0,0
141,hus,köpa,3,81,m²,True,2025-11-18,Björkgatan 45,59.33135,18.02907,9,0,0,0,0,0,0,0,0
142,lägenhet,köpa,2,44,m²,False,2026-04-07,Kungsgatan 62,55.58219,12.93142,17,0,0,0,0,0,0,0,0
143,hus,köpa,3,84,m²,True,2026-01-15,Storgatan 94,55.58987,12.93238,17,0,0,0,0,0,0,0,0
144,lägenhet,hyra,3,78,m²,True,2025-07-27,Storgatan 74,55.60998,12.97827,7,0,0,0,0,0,0,0,0
145,lägenhet,köpa,6,168,m²,False,2025-06-03,Hornsgatan 77,59.30199,17.99739,20,0,0,0,0,0,0,0,0
146,lägenhet,köpa,5,90,m²,True,2026-02-23,Kyrkogatan 105,57.73238,11.90054,13,0,0,0,0,0,0,0,0
147,hus,köpa,3,54,m²,False,2025-06-20,Storgatan 84,57.69777,11.94905,6,0,0,0,0,0,0,0,0
148,lägenhet,hyra,5,140,m²,False,2025-08-22,Kyrkogatan 86,59.33492,18.03083,9,0,0,0,0,0,0,0,0
149,hus,köpa,1,28,m²,False,2025-12-04,Strandvägen 15,55.58749,12.93222,17,0,0,0,0,0,0,0,0
150,lägenhet,köpa,4,108,m²,True,2025-09-16,Bergsgatan 85,57.72999,11.90291,13,0,0,0,0,0,0,0,0
151,hus,köpa,6,138,m²,True,2025-12-08,Drottninggatan 17,55.589,13.03249,3,0,0,0,0,0,0,0,0
152,hus,köpa,2,48,m²,True,2025-09-24,Björkgatan 97,57.70836,11.97845,14,0,0,0,0,0,0,0,0
153,hus,köpa,5,105,m²,True,2025-07-31,Kyrkogatan 120,55.55968,12.97752,2,0,0,0,0,0,0,0,0
154,hus,köpa,2,48,m²,True,2026-03-26,Lindvägen 102,59.30011,18.00041,20,0,0,0,0,0,0,0,0
155,lägenhet,hyra,1,23,m²,False,2025-12-03,Kungsgatan 54,57.70855,11.97774,14,0,0,0,0,0,0,0,0
156,lägenhet,hyra,5,110,m²,True,2025-06-28,Bergsgatan 81,55.56152,12.97801,2,0,0,0,0,0,0,0,0
157,lägenhet,köpa,2,42,m²,True,2025-05-07,Björkgatan 23,55.5606,12.97557,2,0,0,0,0,0,0,0,0
158,lägenhet,köpa,2,36,m²,True,2025-09-06,Kyrkogatan 59,59.35854,17.99758,16,0,0,0,0,0,0,0,0
159,hus,köpa,5,125,m²,False,2026-04-15,Skolvägen 51,55.58449,12.93249,17,0,0,0,0,0,0,0,0
160,hus,köpa,3,81,m²,True,2025-08-19,Lindvägen 44,55.61609,12.97267,7,0,0,0,0,0,0,0,0
161,hus,köpa,4,80,m²,False,2025-10-12,Parkvägen 35,55.59041,13.02962,3,0,0,0,0,0,0,0,0
162,hus,köpa,5,95,m²,True,2025-05-25,Strandvägen 21,57.73244,11.89895,13,0,0,0,0,0,0,0,0
163,lägenhet,hyra,1,25,m²,True,2025-06-07,Björkgatan 15,57.69953,11.95433,6,0,0,0,0,0,0,0,0
164,lägenhet,köpa,3,60,m²,True,2025-05-11,Drottninggatan 24,57.7324,11.90166,13,0,0,0,0,0,0,0,0
165,hus,köpa,1,23,m²,True,2025-08-04,Strandvägen 85,57.69655,11.93386,12,0,0,0,0,0,0,0,0
166,lägenhet,köpa,3,60,m²,True,2025-07-17,Strandvägen 60,57.71232,11.97178,14,0,0,0,0,0,0,0,0
167,lägenhet,hyra,5,100,m²,True,2026-03-29,Drottninggatan 46,57.69616,11.94977,6,0,0,0,0,0,0,0,0
168,hus,köpa,6,126,m²,False,2026-01-15,Skolvägen 15,57.69938,11.95285,6,0,0,0,0,0,0,0,0
169,lägenhet,köpa,2,48,m²,True,2026-04-11,Lindvägen 23,59.34448,18.04834,4,0,0,0,0,0,0,0,0
170,hus,köpa,1,28,m²,True,2025-06-19,Storgatan 105,55.58578,12.93399,17,0,0,0,0,0,0,0,0
171,lägenhet,köpa,4,88,m²,True,2025-08-05,Parkvägen 112,55.56549,12.97481,2,0,0,0,0,0,0,0,0
172,lägenhet,hyra,5,105,m²,True,2026-04-13,Bergsgatan 23,59.35981,17.97317,19,0,0,0,0,0,0,0,0
173,hus,hyra,5,95,m²,True,2026-02-22,Drottninggatan 10,59.34003,17.94168,10,0,0,0,0,0,0,0,0
174,lägenhet,köpa,2,48,m²,True,2026-04-18,Strandvägen 1,55.56007,12.97865,2,0,0,0,0,0,0,0,0
175,lägenhet,köpa,6,138,m²,True,2025-05-22,Parkvägen 38,55.61317,12.97456,7,0,0,0,0,0,0,0,0
176,lägenhet,hyra,6,114,m²,True,2025-05-11,Hornsgatan 45,57.70079,11.93078,12,0,0,0,0,0,0,0,0
177,lägenhet,hyra,2,38,m²,True,2026-02-25,Kyrkogatan 10,57.69369,11.95198,6,0,0,0,0,0,0,0,0
178,hus,köpa,3,63,m²,True,2025-09-26,Parkvägen 28,57.69463,11.95493,6,0,0,0,0,0,0,0,0
179,lägenhet,köpa,4,92,m²,True,2026-04-23,Hornsgatan 45,57.69972,11.95383,6,0,0,0,0,0,0,0,0
180,hus,köpa,2,50,m²,True,2025-10-16,Björkgatan 75,55.55875,12.97717,2,0,0,0,0,0,0,0,0
181,lägenhet,hyra,5,110,m²,False,2026-05-04,Storgatan 40,55.61517,12.97668,7,0,0,0,0,0,0,0,0
182,hus,köpa,3,78,m²,True,2025-11-25,Parkvägen 105,57.70513,11.97483,14,0,0,0,0,0,0,0,0
183,lägenhet,hyra,1,20,m²,True,2025-11-27,Björkgatan 15,59.38312,17.90113,11,0,0,0,0,0,0,0,0
184,lägenhet,hyra,5,130,m²,True,2026-04-17,Hornsgatan 14,59.31209,18.0724,1,0,0,0,0,0,0,0,0
185,hus,köpa,5,100,m²,True,2025-05-07,Bergsgatan 94,57.70141,11.92915,12,0,0,0,0,0,0,0,0
186,hus,köpa,5,100,m²,True,2026-04-09,Hornsgatan 48,57.70207,11.93425,12,0,0,0,0,0,0,0,0
187,hus,köpa,3,57,m²,True,2026-01-30,Lindvägen 83,55.59104,13.03002,3,0,0,0,0,0,0,0,0
188,lägenhet,köpa,3,84,m²,True,2025-09-19,Drottninggatan 37,59.31414,18.06724,1,0,0,0,0,0,0,0,0
189,hus,köpa,2,52,m²,True,2025-05-10,Sveavägen 44,59.38078,17.8982,11,0,0,0,0,0,0,0,0
190,lägenhet,köpa,4,80,m²,True,2025-06-01,Storgatan 104,57.69604,11.95136,6,0,0,0,0,0,0,0,0
191,lägenhet,köpa,2,54,m²,False,2025-07-31,Sveavägen 48,55.55886,12.97458,2,0,0,0,0,0,0,0,0
192,lägenhet,köpa,5,125,m²,False,2026-04-01,Björkgatan 59,57.69859,11.95154,6,0,0,0,0,0,0,0,0
193,hus,köpa,5,90,m²,True,2025-09-05,Kungsgatan 8,55.61288,12.97318,7,0,0,0,0,0,0,0,0
194,hus,köpa,2,40,m²,True,2026-02-10,Sveavägen 72,55.58316,12.93343,17,0,0,0,0,0,0,0,0
195,lägenhet,hyra,4,112,m²,False,2025-10-12,Sveavägen 32,59.36061,17.99906,16,0,0,0,0,0,0,0,0
196,hus,köpa,6,138,m²,True,2026-03-18,Bergsgatan 70,57.71166,11.9725,14,0,0,0,0,0,0,0,0
197,lägenhet,hyra,6,156,m²,True,2025-08-22,Storgatan 98,59.30564,17.99742,20,0,0,0,0,0,0,0,0
198,lägenhet,köpa,1,22,m²,True,2025-12-20,Storgatan 115,59.36307,17.9677,19,0,0,0,0,0,0,0,0
199,lägenhet,hyra,1,23,m²,True,2025-07-16,Parkvägen 25,57.69918,11.95018,6,0,0,0,0,0,0,0,0
200,lägenhet,köpa,3,81,m²,False,2025-06-11,Hornsgatan 120,59.34228,18.0483,4,0,0,0,0,0,0,0,0
201,hus,köpa,4,104,m²,True,2026-03-09,Björkgatan 46,59.3688,18.15039,15,0,0,0,0,0,0,0,0
202,hus,köpa,5,120,m²,True,2025-05-07,Bergsgatan 31,55.58666,12.93142,17,0,0,0,0,0,0,0,0
203,hus,köpa,1,21,m²,True,2026-05-01,Bergsgatan 118,55.56589,12.97685,2,0,0,0,0,0,0,0,0
204,hus,köpa,3,72,m²,True,2025-05-07,Hornsgatan 4,55.56022,12.97647,2,0,0,0,0,0,0,0,0
205,hus,köpa,3,69,m²,True,2025-07-23,Kungsgatan 33,55.562,12.97154,2,0,0,0,0,0,0,0,0
206,lägenhet,köpa,1,20,m²,True,2025-07-12,Bergsgatan 42,57.73046,11.90314,13,0,0,0,0,0,0,0,0
207,lägenhet,köpa,3,72,m²,True,2025-11-13,Kyrkogatan 84,59.36943,18.15195,15,0,0,0,0,0,0,0,0
208,lägenhet,hyra,6,144,m²,True,2026-03-08,Storgatan 92,55.58939,12.93033,17,0,0,0,0,0,0,0,0
209,lägenhet,hyra,4,84,m²,True,2026-03-17,Skolvägen 95,59.24337,18.09576,18,0,0,0,0,0,0,0,0
210,lägenhet,köpa,1,20,m²,True,2025-05-21,Skolvägen 79,55.56518,12.97372,2,0,0,0,0,0,0,0,0
211,lägenhet,hyra,6,114,m²,True,2025-12-17,Björkgatan 102,57.70786,11.97115,14,0,0,0,0,0,0,0,0
212,lägenhet,hyra,4,88,m²,True,2025-12-22,Skolvägen 4,59.34,18.08025,8,0,0,0,0,0,0,0,0
213,hus,köpa,5,100,m²,True,2026-05-03,Parkvägen 51,59.34145,18.07773,8,0,0,0,0,0,0,0,0
214,lägenhet,hyra,5,115,m²,True,2026-04-20,Bergsgatan 19,55.56029,12.97487,2,0,0,0,0,0,0,0,0
215,lägenhet,hyra,4,72,m²,True,2025-10-29,Parkvägen 72,57.69452,11.95501,6,0,0,0,0,0,0,0,0
216,lägenhet,hyra,4,72,m²,False,2025-06-20,Sveavägen 21,55.55818,12.97613,2,0,0,0,0,0,0,0,0
217,hus,köpa,1,23,m²,False,2026-03-26,Kyrkogatan 46,55.58874,13.03562,3,0,0,0,0,0,0,0,0
218,hus,köpa,5,140,m²,True,2025-12-20,Sveavägen 106,55.58857,12.93093,17,0,0,0,0,0,0,0,0
219,lägenhet,hyra,4,92,m²,True,2026-04-18,Hornsgatan 79,57.6996,11.93307,12,0,0,0,0,0,0,0,0
220,lägenhet,hyra,5,105,m²,True,2025-08-09,Drottninggatan 33,59.23956,18.09056,18,0,0,0,0,0,0,0,0
221,hus,köpa,2,46,m²,False,2025-09-07,Bergsgatan 17,59.36821,18.15253,15,0,0,0,0,0,0,0,0
222,hus,köpa,5,125,m²,True,2025-06-04,Skolvägen 35,57.69538,11.93575,12,0,0,0,0,0,0,0,0
223,hus,köpa,1,21,m²,True,2025-09-30,Storgatan 17,55.58951,12.93129,17,0,0,0,0,0,0,0,0
224,lägenhet,köpa,2,38,m²,True,2026-01-03,Strandvägen 15,55.55838,12.97104,2,0,0,0,0,0,0,0,0
225,lägenhet,hyra,1,18,m²,True,2026-02-22,Hornsgatan 89,59.33922,18.0834,8,0,0,0,0,0,0,0,0
226,hus,köpa,1,28,m²,False,2025-07-31,Sveavägen 40,55.58932,12.92664,17,0,0,0,0,0,0,0,0
227,hus,köpa,2,48,m²,True,2025-09-27,Strandvägen 78,57.73389,11.90063,13,0,0,0,0,0,0,0,0
228,lägenhet,hyra,3,75,m²,True,2025-05-26,Kyrkogatan 117,57.72878,11.89833,13,0,0,0,0,0,0,0,0
229,hus,köpa,3,75,m²,True,2025-11-16,Bergsgatan 110,57.70718,11.97088,14,0,0,0,0,0,0,0,0
230,lägenhet,hyra,5,135,m²,True,2025-06-03,Kungsgatan 93,59.34005,17.93844,10,0,0,0,0,0,0,0,0
231,lägenhet,hyra,1,24,m²,True,2026-03-15,Hornsgatan 29,59.34012,18.07701,8,0,0,0,0,0,0,0,0
232,hus,köpa,1,19,m²,True,2025-07-08,Björkgatan 51,57.72851,11.90256,13,0,0,0,0,0,0,0,0
233,hus,köpa,4,80,m²,True,2026-04-19,Storgatan 99,59.33574,18.02801,9,0,0,0,0,0,0,0,0
234,hus,köpa,6,126,m²,True,2025-10-19,Kungsgatan 101,55.56408,12.9722,2,0,0,0,0,0,0,0,0
235,hus,hyra,4,76,m²,True,2025-05-11,Parkvägen 28,57.73332,11.90175,13,0,0,0,0,0,0,0,0
236,hus,köpa,3,66,m²,True,2025-12-12,Drottninggatan 75,55.55992,12.97438,2,0,0,0,0,0,0,0,0
237,lägenhet,hyra,3,84,m²,False,2025-08-07,Storgatan 60,55.55907,12.97197,2,0,0,0,0,0,0,0,0
238,hus,köpa,4,84,m²,True,2025-11-14,Parkvägen 111,59.34075,17.94,10,0,0,0,0,0,0,0,0
239,hus,köpa,1,22,m²,True,2025-12-19,Strandvägen 105,59.37957,17.90482,11,0,0,0,0,0,0,0,0
240,hus,köpa,3,60,m²,True,2026-04-04,Bergsgatan 90,55.59184,13.0307,3,0,0,0,0,0,0,0,0
241,hus,köpa,2,38,m²,True,2026-03-11,Kungsgatan 15,57.69738,11.94964,6,0,0,0,0,0,0,0,0
242,lägenhet,köpa,6,132,m²,True,2025-12-18,Kyrkogatan 107,59.33681,18.07954,8,0,0,0,0,0,0,0,0
243,hus,köpa,2,36,m²,True,2026-01-03,Sveavägen 117,57.73235,11.89814,13,0,0,0,0,0,0,0,0
244,lägenhet,köpa,2,50,m²,False,2026-04-22,Parkvägen 34,59.36111,18.00167,16,0,0,0,0,0,0,0,0
245,lägenhet,hyra,4,88,m²,True,2025-10-12,Bergsgatan 53,59.33641,18.08395,8,0,0,0,0,0,0,0,0
246,hus,köpa,3,75,m²,False,2025-11-10,Bergsgatan 30,55.59071,13.03111,3,0,0,0,0,0,0,0,0
247,lägenhet,hyra,2,42,m²,True,2025-09-09,Sveavägen 1,59.36567,18.14925,15,0,0,0,0,0,0,0,0
248,lägenhet,köpa,2,46,m²,True,2026-01-14,Skolvägen 32,59.30847,18.16377,5,0,0,0,0,0,0,0,0
249,hus,köpa,4,76,m²,False,2025-06-11,Björkgatan 24,59.36334,18.00193,16,0,0,0,0,0,0,0,0
250,lägenhet,hyra,2,56,m²,True,2025-09-01,Strandvägen 1,57.70647,11.97652,14,0,0,0,0,0,0,0,0
251,lägenhet,hyra,3,54,m²,False,2025-11-21,Skolvägen 120,57.70048,11.93058,12,0,0,0,0,0,0,0,0
252,hus,köpa,1,26,m²,True,2025-08-15,Hornsgatan 42,55.59092,13.0282,3,0,0,0,0,0,0,0,0
253,hus,köpa,5,130,m²,True,2026-03-02,Storgatan 74,55.59422,13.03577,3,0,0,0,0,0,0,0,0
254,hus,köpa,6,156,m²,False,2026-02-16,Bergsgatan 88,55.61506,12.97563,7,0,0,0,0,0,0,0,0
255,hus,köpa,4,100,m²,True,2025-12-23,Hornsgatan 100,55.58713,13.02997,3,0,0,0,0,0,0,0,0
256,lägenhet,köpa,1,20,m²,True,2025-06-23,Kyrkogatan 106,59.34111,18.05179,4,0,0,0,0,0,0,0,0
257,hus,köpa,3,78,m²,True,2025-10-19,Parkvägen 46,59.31465,18.06923,1,0,0,0,0,0,0,0,0
258,lägenhet,köpa,5,120,m²,False,2026-02-18,Björkgatan 3,55.59079,13.03484,3,0,0,0,0,0,0,0,0
259,lägenhet,köpa,2,56,m²,True,2025-12-27,Strandvägen 17,55.58965,12.93291,17,0,0,0,0,0,0,0,0
260,hus,köpa,2,44,m²,True,2026-01-12,Kungsgatan 68,57.69661,11.93092,12,0,0,0,0,0,0,0,0
261,lägenhet,köpa,5,110,m²,True,2026-01-02,Bergsgatan 89,59.34075,17.94038,10,0,0,0,0,0,0,0,0
262,lägenhet,köpa,6,144,m²,False,2025-09-18,Kungsgatan 63,57.71007,11.97451,14,0,0,0,0,0,0,0,0
263,lägenhet,hyra,3,81,m²,True,2025-11-14,Bergsgatan 117,57.7016,11.93176,12,0,0,0,0,0,0,0,0
264,lägenhet,hyra,6,162,m²,False,2025-07-15,Bergsgatan 13,59.24362,18.0939,18,0,0,0,0,0,0,0,0
265,hus,köpa,3,63,m²,True,2025-08-10,Hornsgatan 8,57.7328,11.90026,13,0,0,0,0,0,0,0,0
266,hus,köpa,2,40,m²,True,2025-08-06,Björkgatan 75,59.35821,17.96852,19,0,0,0,0,0,0,0,0
267,lägenhet,köpa,3,60,m²,True,2025-09-29,Parkvägen 105,59.31601,18.07477,1,0,0,0,0,0,0,0,0
268,lägenhet,hyra,1,19,m²,True,2025-11-11,Kungsgatan 17,55.5624,12.97746,2,0,0,0,0,0,0,0,0
269,lägenhet,köpa,6,138,m²,False,2025-08-12,Lindvägen 91,57.69816,11.92961,12,0,0,0,0,0,0,0,0
270,hus,köpa,4,88,m²,True,2026-01-26,Kyrkogatan 27,57.69872,11.93098,12,0,0,0,0,0,0,0,0
271,lägenhet,köpa,2,48,m²,True,2026-03-06,Strandvägen 92,57.69531,11.93385,12,0,0,0,0,0,0,0,0
272,lägenhet,hyra,5,135,m²,True,2026-03-04,Storgatan 59,55.58399,12.93329,17,0,0,0,0,0,0,0,0
273,hus,köpa,3,81,m²,True,2025-09-07,Parkvägen 74,59.34229,18.05245,4,0,0,0,0,0,0,0,0
274,hus,köpa,6,132,m²,False,2025-05-21,Storgatan 25,57.69616,11.93698,12,0,0,0,0,0,0,0,0
275,lägenhet,köpa,3,69,m²,False,2026-04-05,Björkgatan 93,57.69975,11.93025,12,0,0,0,0,0,0,0,0
276,lägenhet,köpa,4,84,m²,True,2026-05-05,Hornsgatan 48,57.6951,11.93665,12,0,0,0,0,0,0,0,0
277,lägenhet,köpa,5,140,m²,False,2025-09-08,Lindvägen 70,55.61381,12.97433,7,0,0,0,0,0,0,0,0
278,hus,köpa,2,46,m²,True,2025-12-26,Bergsgatan 60,55.58895,12.92884,17,0,0,0,0,0,0,0,0
279,hus,köpa,2,38,m²,False,2025-06-22,Strandvägen 36,59.33674,17.94305,10,0,0,0,0,0,0,0,0
280,lägenhet,hyra,4,72,m²,False,2025-05-28,Sveavägen 83,55.56043,12.97767,2,0,0,0,0,0,0,0,0
281,lägenhet,köpa,5,100,m²,True,2025-05-15,Strandvägen 22,55.5584,12.97717,2,0,0,0,0,0,0,0,0
282,hus,köpa,2,50,m²,True,2026-04-23,Kyrkogatan 54,59.36465,18.14889,15,0,0,0,0,0,0,0,0
283,hus,köpa,1,23,m²,True,2025-10-16,Sveavägen 75,55.61225,12.97687,7,0,0,0,0,0,0,0,0
284,hus,köpa,3,84,m²,True,2025-07-17,Parkvägen 4,57.71219,11.97519,14,0,0,0,0,0,0,0,0
285,lägenhet,hyra,6,156,m²,True,2025-11-12,Bergsgatan 27,57.69628,11.95311,6,0,0,0,0,0,0,0,0
286,hus,köpa,6,108,m²,False,2025-05-30,Drottninggatan 61,59.30134,17.99994,20,0,0,0,0,0,0,0,0
287,hus,köpa,5,95,m²,True,2025-08-15,Kyrkogatan 3,57.70262,11.93657,12,0,0,0,0,0,0,0,0
288,lägenhet,hyra,5,90,m²,True,2025-10-16,Björkgatan 106,57.70679,11.97732,14,0,0,0,0,0,0,0,0
289,hus,köpa,5,140,m²,True,2025-06-22,Skolvägen 89,59.30011,18.0037,20,0,0,0,0,0,0,0,0
290,lägenhet,köpa,3,57,m²,True,2026-01-24,Strandvägen 43,57.69404,11.95346,6,0,0,0,0,0,0,0,0
291,hus,köpa,6,168,m²,True,2025-10-11,Skolvägen 51,55.6095,12.97568,7,0,0,0,0,0,0,0,0
292,hus,köpa,4,72,m²,True,2025-05-09,Kyrkogatan 118,55.58657,12.93188,17,0,0,0,0,0,0,0,0
293,hus,hyra,1,21,m²,True,2025-05-22,Storgatan 46,55.56471,12.97461,2,0,0,0,0,0,0,0,0
294,lägenhet,hyra,4,100,m²,True,2025-09-12,Strandvägen 66,59.30825,18.16247,5,0,0,0,0,0,0,0,0
295,hus,köpa,6,162,m²,False,2026-01-15,Skolvägen 118,59.31439,18.07316,1,0,0,0,0,0,0,0,0
296,lägenhet,hyra,1,18,m²,True,2025-08-28,Storgatan 8,59.33064,18.02583,9,0,0,0,0,0,0,0,0
297,lägenhet,hyra,4,96,m²,True,2025-09-16,Strandvägen 1,55.56162,12.97352,2,0,0,0,0,0,0,0,0
298,hus,köpa,3,69,m²,True,2026-02-24,Hornsgatan 68,59.33997,18.07711,8,0,0,0,0,0,0,0,0
299,lägenhet,köpa,6,108,m²,False,2026-01-30,Strandvägen 49,55.58899,12.93279,17,0,0,0,0,0,0,0,0
300,lägenhet,köpa,3,60,m²,False,2025-06-06,Strandvägen 47,59.24551,18.0966,18,0,0,0,0,0,0,0,0
301,lägenhet,hyra,1,22,m²,True,2026-01-15,Parkvägen 58,59.38297,17.90215,11,0,0,0,0,0,0,0,0
302,hus,köpa,2,42,m²,False,2025-05-19,Lindvägen 113,55.58419,12.93082,17,0,0,0,0,0,0,0,0
303,hus,köpa,3,75,m²,True,2026-02-09,Strandvägen 18,57.69573,11.95018,6,0,0,0,0,0,0,0,0
304,hus,köpa,3,69,m²,True,2026-04-16,Bergsgatan 55,55.56109,12.97113,2,0,0,0,0,0,0,0,0
305,lägenhet,köpa,6,114,m²,True,2026-02-18,Kyrkogatan 117,57.70181,11.92972,12,0,0,0,0,0,0,0,0
306,lägenhet,köpa,1,18,m²,True,2025-11-24,Parkvägen 37,59.38002,17.90383,11,0,0,0,0,0,0,0,0
307,lägenhet,köpa,5,105,m²,False,2026-03-28,Kyrkogatan 46,55.56358,12.97627,2,0,0,0,0,0,0,0,0
308,hus,köpa,2,38,m²,True,2025-05-23,Strandvägen 64,59.31144,18.16588,5,0,0,0,0,0,0,0,0
309,lägenhet,hyra,5,110,m²,False,2025-05-07,Parkvägen 84,55.58386,12.9303,17,0,0,0,0,0,0,0,0
310,hus,köpa,6,120,m²,True,2026-01-25,Hornsgatan 55,55.60915,12.976,7,0,0,0,0,0,0,0,0
311,lägenhet,köpa,2,56,m²,True,2025-12-07,Strandvägen 74,57.7063,11.97061,14,0,0,0,0,0,0,0,0
312,lägenhet,hyra,3,69,m²,False,2025-09-07,Bergsgatan 105,57.6936,11.95549,6,0,0,0,0,0,0,0,0
313,hus,köpa,4,88,m²,False,2025-10-16,Skolvägen 109,57.69416,11.95239,6,0,0,0,0,0,0,0,0
314,hus,köpa,3,84,m²,True,2025-12-03,Storgatan 107,55.56355,12.97853,2,0,0,0,0,0,0,0,0
315,hus,köpa,6,108,m²,False,2026-03-06,Parkvägen 103,59.24597,18.09309,18,0,0,0,0,0,0,0,0
316,hus,köpa,4,112,m²,True,2025-11-26,Kyrkogatan 6,59.30843,18.1604,5,0,0,0,0,0,0,0,0
317,hus,hyra,4,76,m²,True,2026-04-15,Bergsgatan 68,55.61613,12.97467,7,0,0,0,0,0,0,0,0
318,lägenhet,köpa,5,115,m²,False,2025-06-12,Björkgatan 17,57.70184,11.9356,12,0,0,0,0,0,0,0,0
319,lägenhet,hyra,5,100,m²,True,2025-07-02,Strandvägen 51,57.69316,11.95304,6,0,0,0,0,0,0,0,0
320,lägenhet,köpa,3,54,m²,True,2026-04-21,Sveavägen 15,59.33711,17.93731,10,0,0,0,0,0,0,0,0
321,hus,köpa,5,100,m²,True,2026-02-26,Storgatan 14,57.72724,11.90373,13,0,0,0,0,0,0,0,0
322,lägenhet,köpa,6,138,m²,True,2025-05-26,Kungsgatan 13,55.61471,12.97809,7,0,0,0,0,0,0,0,0
323,hus,köpa,3,78,m²,True,2025-10-07,Björkgatan 120,57.70081,11.93222,12,0,0,0,0,0,0,0,0
324,lägenhet,köpa,4,76,m²,True,2025-12-28,Hornsgatan 96,57.70033,11.93506,12,0,0,0,0,0,0,0,0
325,hus,köpa,3,75,m²,True,2026-01-31,Drottninggatan 10,55.58771,13.03334,3,0,0,0,0,0,0,0,0
326,hus,köpa,6,120,m²,True,2025-08-25,Parkvägen 32,59.31336,18.07393,1,0,0,0,0,0,0,0,0
327,hus,köpa,6,108,m²,True,2025-12-14,Kungsgatan 25,59.3451,18.04846,4,0,0,0,0,0,0,0,0
328,hus,köpa,4,108,m²,True,2026-04-04,Skolvägen 16,59.31459,18.06765,1,0,0,0,0,0,0,0,0
329,hus,köpa,6,150,m²,True,2026-04-25,Hornsgatan 56,55.55807,12.97499,2,0,0,0,0,0,0,0,0
330,hus,köpa,5,90,m²,True,2025-10-18,Hornsgatan 120,57.69607,11.95073,6,0,0,0,0,0,0,0,0
331,lägenhet,köpa,2,42,m²,False,2026-02-21,Drottninggatan 117,57.69615,11.95194,6,0,0,0,0,0,0,0,0
332,lägenhet,hyra,4,92,m²,True,2025-07-13,Lindvägen 3,55.58219,12.93268,17,0,0,0,0,0,0,0,0
333,lägenhet,köpa,6,162,m²,True,2026-01-04,Kungsgatan 10,55.5654,12.97201,2,0,0,0,0,0,0,0,0
334,lägenhet,köpa,5,130,m²,False,2025-06-22,Drottninggatan 104,55.61034,12.97245,7,0,0,0,0,0,0,0,0
335,lägenhet,köpa,4,88,m²,True,2025-07-30,Björkgatan 53,55.58902,13.03451,3,0,0,0,0,0,0,0,0
336,hus,köpa,5,130,m²,True,2025-10-05,Hornsgatan 52,57.69583,11.93357,12,0,0,0,0,0,0,0,0
337,lägenhet,hyra,6,126,m²,True,2026-04-25,Lindvägen 4,59.3625,18.00058,16,0,0,0,0,0,0,0,0
338,hus,köpa,5,90,m²,False,2025-11-20,Drottninggatan 80,57.69715,11.9322,12,0,0,0,0,0,0,0,0
339,hus,köpa,4,88,m²,True,2025-06-29,Skolvägen 102,55.56139,12.97563,2,0,0,0,0,0,0,0,0
340,lägenhet,hyra,6,126,m²,True,2025-12-10,Drottninggatan 25,55.59111,13.02903,3,0,0,0,0,0,0,0,0
341,lägenhet,köpa,1,21,m²,True,2026-04-04,Kyrkogatan 69,57.70522,11.97162,14,0,0,0,0,0,0,0,0
342,hus,köpa,4,92,m²,False,2025-07-27,Björkgatan 62,57.72773,11.89923,13,0,0,0,0,0,0,0,0
343,hus,köpa,4,88,m²,False,2026-03-02,Lindvägen 103,59.30838,18.15958,5,0,0,0,0,0,0,0,0
344,hus,köpa,2,42,m²,False,2026-02-03,Kyrkogatan 117,57.71156,11.97258,14,0,0,0,0,0,0,0,0
345,hus,köpa,5,110,m²,True,2025-07-18,Björkgatan 40,59.34051,18.04752,4,0,0,0,0,0,0,0,0
346,hus,köpa,6,108,m²,True,2025-09-15,Parkvägen 113,55.61223,12.97344,7,0,0,0,0,0,0,0,0
347,lägenhet,köpa,4,76,m²,False,2026-01-17,Skolvägen 60,59.36125,17.99866,16,0,0,0,0,0,0,0,0
348,hus,köpa,1,20,m²,False,2025-12-04,Kyrkogatan 4,57.70741,11.97101,14,0,0,0,0,0,0,0,0
349,lägenhet,köpa,5,95,m²,False,2026-03-13,Kyrkogatan 118,57.73259,11.90346,13,0,0,0,0,0,0,0,0
350,lägenhet,köpa,2,48,m²,False,2025-06-13,Parkvägen 105,59.31036,18.1667,5,0,0,0,0,0,0,0,0
351,lägenhet,köpa,4,100,m²,False,2025-11-05,Björkgatan 48,57.69549,11.93168,12,0,0,0,0,0,0,0,0
352,hus,köpa,3,81,m²,True,2025-07-23,Storgatan 62,55.58917,13.02994,3,0,0,0,0,0,0,0,0
353,lägenhet,hyra,6,138,m²,True,2025-06-18,Strandvägen 75,57.69602,11.9533,6,0,0,0,0,0,0,0,0
354,lägenhet,köpa,2,42,m²,False,2026-04-16,Hornsgatan 20,59.36225,17.99825,16,0,0,0,0,0,0,0,0
355,lägenhet,köpa,2,42,m²,False,2026-04-07,Skolvägen 80,57.69631,11.9518,6,0,0,0,0,0,0,0,0
356,hus,köpa,1,28,m²,False,2025-10-12,Bergsgatan 81,57.69544,11.95533,6,0,0,0,0,0,0,0,0
357,hus,köpa,5,100,m²,True,2026-04-03,Sveavägen 73,57.69984,11.93454,12,0,0,0,0,0,0,0,0
358,lägenhet,hyra,5,125,m²,True,2025-07-06,Lindvägen 19,59.335,18.02694,9,0,0,0,0,0,0,0,0
359,lägenhet,hyra,4,80,m²,True,2025-12-18,Drottninggatan 6,55.61332,12.97454,7,0,0,0,0,0,0,0,0
360,lägenhet,köpa,6,132,m²,True,2026-02-08,Lindvägen 79,57.73285,11.90377,13,0,0,0,0,0,0,0,0
361,hus,köpa,2,38,m²,True,2025-09-12,Strandvägen 17,55.59174,13.03554,3,0,0,0,0,0,0,0,0
362,lägenhet,köpa,1,25,m²,True,2025-10-04,Strandvägen 58,57.69512,11.93565,12,0,0,0,0,0,0,0,0
363,hus,köpa,2,46,m²,True,2025-06-23,Kungsgatan 109,59.34001,18.08052,8,0,0,0,0,0,0,0,0
364,lägenhet,köpa,5,135,m²,True,2025-12-13,Bergsgatan 97,55.58742,13.02871,3,0,0,0,0,0,0,0,0
365,lägenhet,köpa,4,112,m²,True,2025-06-26,Skolvägen 20,57.69922,11.95399,6,0,0,0,0,0,0,0,0
366,hus,köpa,1,27,m²,True,2025-08-25,Sveavägen 45,59.34429,18.04561,4,0,0,0,0,0,0,0,0
367,lägenhet,köpa,6,156,m²,True,2025-07-15,Storgatan 120,55.58437,12.93072,17,0,0,0,0,0,0,0,0
368,lägenhet,hyra,6,144,m²,True,2025-09-05,Bergsgatan 25,57.69992,11.929,12,0,0,0,0,0,0,0,0
369,lägenhet,hyra,2,42,m²,True,2025-12-05,Drottninggatan 37,55.59226,13.03188,3,0,0,0,0,0,0,0,0
370,lägenhet,köpa,1,20,m²,True,2025-06-15,Storgatan 31,57.69665,11.93548,12,0,0,0,0,0,0,0,0
371,lägenhet,köpa,5,90,m²,True,2025-05-10,Hornsgatan 15,59.33444,18.02633,9,0,0,0,0,0,0,0,0
372,lägenhet,hyra,3,84,m²,True,2026-02-16,Björkgatan 65,55.5937,13.03143,3,0,0,0,0,0,0,0,0
373,lägenhet,hyra,5,125,m²,True,2025-05-18,Strandvägen 35,59.36335,18.00117,16,0,0,0,0,0,0,0,0
374,lägenhet,köpa,5,140,m²,False,2025-11-20,Sveavägen 38,55.56192,12.97629,2,0,0,0,0,0,0,0,0
375,hus,köpa,2,36,m²,True,2026-05-07,Drottninggatan 1,57.69336,11.94882,6,0,0,0,0,0,0,0,0
376,hus,köpa,3,63,m²,True,2025-11-30,Bergsgatan 115,57.72872,11.90338,13,0,0,0,0,0,0,0,0
377,hus,köpa,5,140,m²,False,2025-12-31,Björkgatan 4,55.58681,12.92642,17,0,0,0,0,0,0,0,0
378,lägenhet,köpa,1,28,m²,True,2026-03-15,Björkgatan 27,55.58781,13.03014,3,0,0,0,0,0,0,0,0
379,hus,köpa,5,115,m²,True,2025-06-10,Björkgatan 78,55.58288,12.93335,17,0,0,0,0,0,0,0,0
380,lägenhet,köpa,5,125,m²,True,2026-04-12,Sveavägen 18,57.69975,11.9538,6,0,0,0,0,0,0,0,0
381,lägenhet,köpa,5,105,m²,False,2025-08-30,Storgatan 4,55.56266,12.97281,2,0,0,0,0,0,0,0,0
382,lägenhet,hyra,6,108,m²,False,2025-05-27,Skolvägen 58,59.34085,17.94382,10,0,0,0,0,0,0,0,0
383,hus,köpa,3,69,m²,True,2026-03-25,Drottninggatan 5,55.58772,13.03239,3,0,0,0,0,0,0,0,0
384,hus,köpa,3,69,m²,False,2025-09-15,Storgatan 42,59.31046,18.16608,5,0,0,0,0,0,0,0,0
385,hus,köpa,6,138,m²,True,2025-11-15,Strandvägen 96,55.58846,13.02907,3,0,0,0,0,0,0,0,0
386,hus,köpa,6,114,m²,True,2025-07-27,Drottninggatan 36,59.38315,17.89743,11,0,0,0,0,0,0,0,0
387,lägenhet,hyra,1,19,m²,False,2025-12-21,Björkgatan 87,55.58944,12.93007,17,0,0,0,0,0,0,0,0
388,lägenhet,hyra,4,100,m²,False,2025-08-02,Parkvägen 40,55.55837,12.97502,2,0,0,0,0,0,0,0,0
389,lägenhet,hyra,4,104,m²,True,2025-07-26,Parkvägen 63,57.69923,11.95021,6,0,0,0,0,0,0,0,0
390,lägenhet,hyra,1,25,m²,True,2025-12-15,Drottninggatan 7,55.58527,12.93037,17,0,0,0,0,0,0,0,0
391,lägenhet,köpa,5,125,m²,True,2025-10-24,Hornsgatan 117,57.70923,11.97341,14,0,0,0,0,0,0,0,0
392,hus,köpa,3,57,m²,True,2025-09-17,Drottninggatan 58,59.36747,18.14762,15,0,0,0,0,0,0,0,0
393,lägenhet,köpa,4,88,m²,False,2025-06-10,Kyrkogatan 40,55.55893,12.97167,2,0,0,0,0,0,0,0,0
394,hus,köpa,2,46,m²,True,2025-05-22,Kungsgatan 90,57.7014,11.93419,12,0,0,0,0,0,0,0,0
395,lägenhet,hyra,3,63,m²,True,2025-09-10,Drottninggatan 105,57.7118,11.97205,14,0,0,0,0,0,0,0,0
396,lägenhet,köpa,3,66,m²,False,2025-10-20,Parkvägen 55,59.33943,17.93861,10,0,0,0,0,0,0,0,0
397,lägenhet,köpa,2,48,m²,True,2025-09-23,Hornsgatan 86,57.69751,11.95157,6,0,0,0,0,0,0,0,0
398,hus,köpa,4,96,m²,True,2025-08-13,Kyrkogatan 114,59.3832,17.89866,11,0,0,0,0,0,0,0,0
399,lägenhet,köpa,3,63,m²,False,2025-08-22,Skolvägen 42,57.69329,11.95072,6,0,0,0,0,0,0,0,0
400,lägenhet,hyra,4,76,m²,True,2025-10-29,Hornsgatan 72,59.36258,18.00039,16,0,0,0,0,0,0,0,0
401,hus,köpa,2,38,m²,False,2025-10-29,Hornsgatan 57,59.33652,17.94025,10,0,0,0,0,0,0,0,0
402,hus,köpa,6,138,m²,True,2025-09-18,Parkvägen 35,57.69524,11.9321,12,0,0,0,0,0,0,0,0
403,lägenhet,hyra,1,18,m²,True,2025-10-02,Lindvägen 54,55.5648,12.97171,2,0,0,0,0,0,0,0,0
404,lägenhet,köpa,1,21,m²,True,2025-07-23,Lindvägen 28,59.36179,17.97038,19,0,0,0,0,0,0,0,0
405,hus,köpa,4,104,m²,True,2025-06-13,Björkgatan 36,55.5585,12.9748,2,0,0,0,0,0,0,0,0
406,hus,köpa,1,27,m²,True,2025-06-05,Drottninggatan 99,55.58747,12.93239,17,0,0,0,0,0,0,0,0
407,lägenhet,hyra,5,140,m²,False,2025-05-17,Lindvägen 33,57.7125,11.97384,14,0,0,0,0,0,0,0,0
408,lägenhet,köpa,2,50,m²,True,2025-09-24,Drottninggatan 48,59.31176,18.06758,1,0,0,0,0,0,0,0,0
409,hus,köpa,2,42,m²,True,2026-03-11,Hornsgatan 66,57.70598,11.97725,14,0,0,0,0,0,0,0,0
410,lägenhet,köpa,3,75,m²,True,2025-08-29,Kyrkogatan 81,55.6105,12.97383,7,0,0,0,0,0,0,0,0
411,lägenhet,köpa,2,48,m²,True,2025-08-16,Kyrkogatan 59,57.72922,11.90085,13,0,0,0,0,0,0,0,0
412,hus,köpa,2,54,m²,True,2025-12-11,Kungsgatan 61,59.36436,17.97064,19,0,0,0,0,0,0,0,0
413,hus,köpa,5,140,m²,False,2025-09-13,Bergsgatan 48,59.31562,18.07258,1,0,0,0,0,0,0,0,0
414,hus,köpa,4,108,m²,True,2025-05-14,Sveavägen 107,59.31724,18.07271,1,0,0,0,0,0,0,0,0
415,hus,köpa,1,26,m²,True,2025-12-25,Hornsgatan 76,57.73369,11.89925,13,0,0,0,0,0,0,0,0
416,hus,köpa,5,95,m²,True,2025-10-27,Kungsgatan 72,55.58896,12.9325,17,0,0,0,0,0,0,0,0
417,lägenhet,hyra,6,168,m²,True,2025-06-11,Strandvägen 89,55.58904,13.03323,3,0,0,0,0,0,0,0,0
418,hus,hyra,5,135,m²,True,2025-11-13,Strandvägen 106,57.69611,11.9323,12,0,0,0,0,0,0,0,0
419,hus,köpa,2,56,m²,False,2025-09-13,Lindvägen 45,55.61036,12.9782,7,0,0,0,0,0,0,0,0
420,lägenhet,köpa,6,132,m²,False,2025-08-03,Kungsgatan 105,55.58849,12.92952,17,0,0,0,0,0,0,0,0
421,lägenhet,hyra,2,56,m²,True,2026-01-20,Bergsgatan 98,57.69779,11.95158,6,0,0,0,0,0,0,0,0
422,lägenhet,köpa,1,21,m²,False,2026-04-12,Parkvägen 93,59.35927,17.96844,19,0,0,0,0,0,0,0,0
423,lägenhet,köpa,5,135,m²,True,2025-09-12,Björkgatan 88,59.33481,18.02628,9,0,0,0,0,0,0,0,0
424,hus,köpa,3,60,m²,True,2026-03-03,Storgatan 63,55.56297,12.97121,2,0,0,0,0,0,0,0,0
425,hus,köpa,1,23,m²,True,2025-06-26,Storgatan 98,55.58243,12.93339,17,0,0,0,0,0,0,0,0
426,hus,köpa,2,46,m²,True,2026-03-15,Drottninggatan 39,57.7333,11.89655,13,0,0,0,0,0,0,0,0
427,lägenhet,hyra,6,108,m²,True,2026-01-31,Bergsgatan 8,59.35869,18.00288,16,0,0,0,0,0,0,0,0
428,lägenhet,köpa,5,115,m²,True,2025-08-09,Storgatan 36,55.61337,12.97483,7,0,0,0,0,0,0,0,0
429,lägenhet,köpa,2,40,m²,True,2025-12-21,Sveavägen 33,59.33258,18.03051,9,0,0,0,0,0,0,0,0
430,hus,köpa,2,52,m²,True,2026-02-26,Strandvägen 85,57.69742,11.93553,12,0,0,0,0,0,0,0,0
431,hus,hyra,5,100,m²,False,2025-07-25,Bergsgatan 85,55.58924,12.93124,17,0,0,0,0,0,0,0,0
432,hus,köpa,5,110,m²,True,2025-09-26,Skolvägen 119,55.58738,12.92768,17,0,0,0,0,0,0,0,0
433,hus,köpa,3,63,m²,True,2025-05-19,Storgatan 19,55.58921,12.93021,17,0,0,0,0,0,0,0,0
434,lägenhet,köpa,1,23,m²,True,2026-02-08,Storgatan 111,59.36741,18.14805,15,0,0,0,0,0,0,0,0
435,hus,köpa,1,19,m²,False,2026-04-03,Kungsgatan 103,55.58546,12.93103,17,0,0,0,0,0,0,0,0
436,hus,köpa,2,52,m²,True,2026-04-22,Parkvägen 77,59.3149,18.16508,5,0,0,0,0,0,0,0,0
437,lägenhet,köpa,3,72,m²,False,2026-02-16,Skolvägen 62,59.30257,18.00305,20,0,0,0,0,0,0,0,0
438,lägenhet,hyra,1,24,m²,True,2025-12-04,Kyrkogatan 111,57.71191,11.97103,14,0,0,0,0,0,0,0,0
439,hus,köpa,2,54,m²,True,2026-05-03,Strandvägen 76,57.70512,11.97659,14,0,0,0,0,0,0,0,0
440,hus,köpa,3,54,m²,False,2025-12-11,Kungsgatan 10,55.56286,12.97818,2,0,0,0,0,0,0,0,0
441,hus,köpa,5,115,m²,False,2025-12-12,Kyrkogatan 31,59.36017,18.00282,16,0,0,0,0,0,0,0,0
442,hus,köpa,2,52,m²,True,2025-11-09,Strandvägen 54,57.70947,11.97394,14,0,0,0,0,0,0,0,0
443,lägenhet,hyra,4,88,m²,False,2025-10-21,Sveavägen 31,59.31883,18.07354,1,0,0,0,0,0,0,0,0
444,hus,köpa,3,63,m²,True,2025-06-20,Storgatan 88,59.29823,17.99941,20,0,0,0,0,0,0,0,0
445,lägenhet,köpa,3,57,m²,True,2025-10-10,Bergsgatan 106,57.70167,11.93391,12,0,0,0,0,0,0,0,0
446,lägenhet,hyra,6,120,m²,False,2026-01-20,Kyrkogatan 103,57.69586,11.95305,6,0,0,0,0,0,0,0,0
447,hus,köpa,4,88,m²,True,2025-05-19,Sveavägen 28,59.31442,18.06758,1,0,0,0,0,0,0,0,0
448,lägenhet,köpa,6,132,m²,True,2026-03-24,Kungsgatan 70,57.70731,11.9777,14,0,0,0,0,0,0,0,0
449,hus,köpa,4,76,m²,True,2025-07-14,Hornsgatan 17,59.31853,18.07318,1,0,0,0,0,0,0,0,0
450,hus,köpa,5,140,m²,False,2025-07-16,Skolvägen 37,57.69819,11.9548,6,0,0,0,0,0,0,0,0
451,lägenhet,hyra,1,26,m²,True,2025-12-13,Björkgatan 20,57.69319,11.95055,6,0,0,0,0,0,0,0,0
452,lägenhet,köpa,2,56,m²,False,2025-06-05,Björkgatan 65,57.70041,11.95376,6,0,0,0,0,0,0,0,0
453,hus,köpa,6,144,m²,True,2026-04-29,Kyrkogatan 9,57.69832,11.95389,6,0,0,0,0,0,0,0,0
454,lägenhet,hyra,2,46,m²,True,2025-10-10,Kungsgatan 60,57.70242,11.93581,12,0,0,0,0,0,0,0,0
455,hus,köpa,5,110,m²,False,2025-08-30,Strandvägen 73,55.56039,12.97201,2,0,0,0,0,0,0,0,0
456,hus,köpa,4,96,m²,False,2025-10-15,Bergsgatan 4,59.3392,18.08271,8,0,0,0,0,0,0,0,0
457,hus,köpa,4,104,m²,True,2026-03-28,Drottninggatan 109,59.33028,18.03222,9,0,0,0,0,0,0,0,0
458,lägenhet,köpa,5,100,m²,True,2025-06-15,Kungsgatan 21,57.69977,11.93539,12,0,0,0,0,0,0,0,0
459,lägenhet,hyra,5,130,m²,True,2025-08-21,Hornsgatan 91,55.58428,12.93049,17,0,0,0,0,0,0,0,0
460,hus,köpa,1,25,m²,True,2026-04-30,Drottninggatan 15,57.71276,11.97177,14,0,0,0,0,0,0,0,0
461,hus,köpa,5,105,m²,True,2025-10-21,Kungsgatan 34,57.70229,11.93029,12,0,0,0,0,0,0,0,0
462,hus,köpa,6,132,m²,False,2025-10-20,Sveavägen 59,57.71283,11.97479,14,0,0,0,0,0,0,0,0
463,hus,köpa,5,95,m²,True,2025-09-19,Björkgatan 88,55.56285,12.97811,2,0,0,0,0,0,0,0,0
464,hus,köpa,6,120,m²,True,2026-03-25,Parkvägen 67,59.2411,18.09504,18,0,0,0,0,0,0,0,0
465,lägenhet,hyra,4,72,m²,False,2026-03-18,Kyrkogatan 65,59.36363,18.00069,16,0,0,0,0,0,0,0,0
466,hus,köpa,3,69,m²,True,2026-03-12,Björkgatan 72,55.56299,12.97414,2,0,0,0,0,0,0,0,0
467,hus,köpa,6,126,m²,True,2025-05-30,Sveavägen 55,55.59075,13.03129,3,0,0,0,0,0,0,0,0
468,hus,köpa,4,76,m²,True,2025-11-12,Skolvägen 109,57.73134,11.89727,13,0,0,0,0,0,0,0,0
469,hus,köpa,6,126,m²,True,2026-02-08,Drottninggatan 14,59.30164,18.00412,20,0,0,0,0,0,0,0,0
470,lägenhet,köpa,6,162,m²,False,2025-06-30,Sveavägen 93,57.71253,11.97308,14,0,0,0,0,0,0,0,0
471,hus,köpa,6,132,m²,True,2025-10-06,Sveavägen 111,59.36533,18.1502,15,0,0,0,0,0,0,0,0
472,lägenhet,hyra,5,100,m²,True,2025-05-28,Björkgatan 106,57.69526,11.93523,12,0,0,0,0,0,0,0,0
473,lägenhet,hyra,6,108,m²,True,2026-03-02,Sveavägen 42,57.72862,11.90043,13,0,0,0,0,0,0,0,0
474,hus,köpa,2,38,m²,True,2025-05-13,Drottninggatan 112,59.33758,17.94174,10,0,0,0,0,0,0,0,0
475,hus,köpa,5,95,m²,False,2025-09-01,Lindvägen 7,57.73261,11.90144,13,0,0,0,0,0,0,0,0
476,lägenhet,hyra,2,50,m²,False,2026-01-12,Storgatan 71,59.36416,18.14814,15,0,0,0,0,0,0,0,0
477,hus,köpa,3,54,m²,True,2025-08-07,Sveavägen 9,57.70507,11.97486,14,0,0,0,0,0,0,0,0
478,lägenhet,köpa,5,130,m²,False,2026-04-14,Drottninggatan 3,59.32805,18.0263,9,0,0,0,0,0,0,0,0
479,lägenhet,köpa,6,114,m²,True,2026-03-14,Parkvägen 100,59.24315,18.09738,18,0,0,0,0,0,0,0,0
480,lägenhet,hyra,1,26,m²,True,2025-12-13,Hornsgatan 53,59.33648,17.93953,10,0,0,0,0,0,0,0,0
481,hus,köpa,2,42,m²,True,2026-04-04,Parkvägen 116,59.3037,18.00304,20,0,0,0,0,0,0,0,0
482,lägenhet,hyra,2,48,m²,True,2025-07-20,Lindvägen 100,55.5584,12.97632,2,0,0,0,0,0,0,0,0
483,lägenhet,köpa,2,40,m²,True,2025-12-02,Björkgatan 29,59.31561,18.0708,1,0,0,0,0,0,0,0,0
484,hus,köpa,5,115,m²,True,2026-03-16,Kungsgatan 59,55.58894,12.92695,17,0,0,0,0,0,0,0,0
485,lägenhet,köpa,2,52,m²,True,2025-08-06,Strandvägen 81,57.69343,11.94976,6,0,0,0,0,0,0,0,0
486,lägenhet,hyra,5,90,m²,True,2025-10-16,Lindvägen 43,55.56417,12.97531,2,0,0,0,0,0,0,0,0
487,lägenhet,hyra,2,44,m²,True,2025-07-24,Kungsgatan 109,57.70566,11.97783,14,0,0,0,0,0,0,0,0
488,hus,köpa,1,25,m²,True,2025-05-08,Hornsgatan 87,55.59165,13.03065,3,0,0,0,0,0,0,0,0
489,lägenhet,hyra,3,60,m²,True,2026-01-16,Storgatan 67,59.30563,18.00376,20,0,0,0,0,0,0,0,0
490,hus,köpa,3,60,m²,False,2025-08-05,Kungsgatan 10,57.71044,11.97505,14,0,0,0,0,0,0,0,0
491,hus,köpa,3,69,m²,True,2026-03-24,Storgatan 10,55.5618,12.97212,2,0,0,0,0,0,0,0,0
492,lägenhet,hyra,5,100,m²,True,2026-02-12,Storgatan 25,57.73064,11.90098,13,0,0,0,0,0,0,0,0
493,lägenhet,hyra,6,120,m²,True,2026-01-23,Lindvägen 29,59.34101,18.07727,8,0,0,0,0,0,0,0,0
494,hus,köpa,3,60,m²,True,2025-07-12,Skolvägen 94,57.72952,11.90294,13,0,0,0,0,0,0,0,0
495,hus,hyra,6,138,m²,False,2025-10-12,Kungsgatan 100,59.36968,18.14884,15,0,0,0,0,0,0,0,0
496,lägenhet,hyra,1,26,m²,True,2026-02-27,Lindvägen 114,57.69455,11.94934,6,0,0,0,0,0,0,0,0
497,lägenhet,hyra,4,84,m²,True,2025-05-27,Lindvägen 49,57.70186,11.93193,12,0,0,0,0,0,0,0,0
498,hus,köpa,1,21,m²,True,2026-04-05,Skolvägen 52,59.33447,17.94115,10,0,0,0,0,0,0,0,0
499,lägenhet,köpa,6,120,m²,True,2025-10-11,Drottninggatan 41,55.58605,12.92994,17,0,0,0,0,0,0,0,0
500,lägenhet,köpa,2,52,m²,True,2025-08-04,Lindvägen 76,59.36716,18.1539,15,0,0,0,0,0,0,0,0
501,hus,köpa,6,156,m²,False,2025-12-14,Skolvägen 6,55.61073,12.97915,7,0,0,0,0,0,0,0,0
502,lägenhet,köpa,3,78,m²,True,2026-04-21,Björkgatan 20,55.61085,12.97807,7,0,0,0,0,0,0,0,0
503,hus,köpa,3,84,m²,True,2025-05-18,Parkvägen 26,59.35777,17.96792,19,0,0,0,0,0,0,0,0
504,lägenhet,hyra,1,24,m²,True,2025-07-03,Hornsgatan 77,57.69689,11.93465,12,0,0,0,0,0,0,0,0
505,hus,köpa,2,38,m²,True,2026-03-18,Björkgatan 48,55.61518,12.97437,7,0,0,0,0,0,0,0,0
506,lägenhet,hyra,5,95,m²,False,2026-02-17,Parkvägen 43,55.5636,12.9777,2,0,0,0,0,0,0,0,0
507,lägenhet,hyra,5,130,m²,True,2025-09-30,Drottninggatan 51,59.3667,18.15108,15,0,0,0,0,0,0,0,0
508,lägenhet,hyra,5,95,m²,False,2025-09-03,Björkgatan 62,57.71094,11.9763,14,0,0,0,0,0,0,0,0
509,hus,köpa,2,48,m²,True,2025-07-26,Skolvägen 77,57.69891,11.95278,6,0,0,0,0,0,0,0,0
510,hus,hyra,2,48,m²,False,2025-05-31,Skolvägen 1,55.61543,12.97854,7,0,0,0,0,0,0,0,0
511,lägenhet,hyra,6,108,m²,True,2026-04-01,Storgatan 97,59.33323,17.94174,10,0,0,0,0,0,0,0,0
512,hus,köpa,4,88,m²,True,2025-08-07,Storgatan 52,57.69941,11.93138,12,0,0,0,0,0,0,0,0
513,hus,köpa,6,156,m²,True,2025-06-24,Bergsgatan 18,59.38385,17.90056,11,0,0,0,0,0,0,0,0
514,hus,köpa,5,125,m²,False,2025-12-14,Skolvägen 42,59.36992,18.15193,15,0,0,0,0,0,0,0,0
515,lägenhet,hyra,1,21,m²,True,2025-07-05,Kyrkogatan 55,57.69385,11.9515,6,0,0,0,0,0,0,0,0
516,lägenhet,köpa,1,27,m²,True,2025-06-29,Bergsgatan 117,57.69822,11.95442,6,0,0,0,0,0,0,0,0
517,hus,köpa,4,80,m²,True,2026-04-29,Hornsgatan 25,57.7025,11.93068,12,0,0,0,0,0,0,0,0
518,lägenhet,köpa,2,52,m²,False,2025-09-10,Kyrkogatan 40,57.70207,11.93211,12,0,0,0,0,0,0,0,0
519,hus,köpa,3,63,m²,True,2026-04-19,Parkvägen 47,59.33047,18.03297,9,0,0,0,0,0,0,0,0
520,lägenhet,köpa,1,25,m²,False,2025-06-13,Skolvägen 81,59.24285,18.09733,18,0,0,0,0,0,0,0,0
521,hus,köpa,2,52,m²,True,2025-10-09,Parkvägen 2,59.33651,18.08098,8,0,0,0,0,0,0,0,0
522,hus,köpa,4,84,m²,True,2025-10-30,Kyrkogatan 77,59.3597,17.96746,19,0,0,0,0,0,0,0,0
523,lägenhet,hyra,4,92,m²,True,2025-10-13,Hornsgatan 65,57.69475,11.9491,6,0,0,0,0,0,0,0,0
524,lägenhet,köpa,5,120,m²,True,2026-03-06,Kungsgatan 72,59.24562,18.09349,18,0,0,0,0,0,0,0,0
525,lägenhet,köpa,6,138,m²,True,2025-09-29,Kungsgatan 1,59.38412,17.90426,11,0,0,0,0,0,0,0,0
526,lägenhet,hyra,1,27,m²,True,2025-12-20,Kyrkogatan 6,59.36488,17.97157,19,0,0,0,0,0,0,0,0
527,hus,hyra,6,144,m²,True,2025-06-20,Skolvägen 19,59.33775,17.94306,10,0,0,0,0,0,0,0,0
528,lägenhet,hyra,3,75,m²,False,2025-10-14,Lindvägen 59,55.58979,12.93002,17,0,0,0,0,0,0,0,0
529,lägenhet,hyra,2,56,m²,True,2025-06-30,Bergsgatan 58,59.24103,18.09528,18,0,0,0,0,0,0,0,0
530,lägenhet,köpa,2,40,m²,False,2026-02-15,Drottninggatan 3,57.71055,11.97805,14,0,0,0,0,0,0,0,0
531,hus,köpa,5,100,m²,True,2025-08-17,Strandvägen 67,57.69681,11.93427,12,0,0,0,0,0,0,0,0
532,lägenhet,köpa,1,20,m²,True,2025-07-30,Kyrkogatan 102,59.33482,17.94324,10,0,0,0,0,0,0,0,0
533,hus,hyra,6,156,m²,True,2026-03-07,Hornsgatan 80,55.58657,12.92798,17,0,0,0,0,0,0,0,0
534,lägenhet,köpa,5,135,m²,True,2025-10-05,Lindvägen 93,59.36178,18.00318,16,0,0,0,0,0,0,0,0
535,lägenhet,hyra,2,44,m²,True,2025-09-09,Strandvägen 65,57.69579,11.92925,12,0,0,0,0,0,0,0,0
536,hus,köpa,1,27,m²,True,2025-10-16,Lindvägen 55,57.69924,11.95596,6,0,0,0,0,0,0,0,0
537,lägenhet,köpa,4,104,m²,True,2025-05-12,Bergsgatan 18,59.34657,18.04825,4,0,0,0,0,0,0,0,0
538,lägenhet,köpa,3,84,m²,True,2025-05-19,Strandvägen 78,57.69552,11.93604,12,0,0,0,0,0,0,0,0
539,hus,köpa,5,100,m²,True,2026-03-18,Bergsgatan 111,57.70164,11.92926,12,0,0,0,0,0,0,0,0
540,lägenhet,hyra,3,63,m²,True,2025-06-12,Bergsgatan 100,59.33757,17.93875,10,0,0,0,0,0,0,0,0
541,hus,köpa,6,162,m²,True,2025-06-28,Kungsgatan 71,55.58697,12.9329,17,0,0,0,0,0,0,0,0
542,hus,köpa,3,81,m²,True,2025-10-15,Lindvägen 78,57.69986,11.93289,12,0,0,0,0,0,0,0,0
543,hus,köpa,2,54,m²,True,2025-08-29,Kungsgatan 43,55.58587,12.93199,17,0,0,0,0,0,0,0,0
544,hus,köpa,1,27,m²,False,2025-12-24,Kungsgatan 55,59.35971,17.96973,19,0,0,0,0,0,0,0,0
545,hus,köpa,5,135,m²,True,2025-09-13,Parkvägen 26,59.31544,18.07267,1,0,0,0,0,0,0,0,0
546,hus,köpa,1,24,m²,True,2026-04-19,Storgatan 76,55.61645,12.97737,7,0,0,0,0,0,0,0,0
547,hus,köpa,3,60,m²,False,2026-04-25,Kyrkogatan 88,59.36371,17.96918,19,0,0,0,0,0,0,0,0
548,hus,köpa,2,48,m²,True,2025-10-08,Björkgatan 116,55.56065,12.97234,2,0,0,0,0,0,0,0,0
549,hus,köpa,5,110,m²,False,2025-11-22,Björkgatan 40,59.3139,18.07162,1,0,0,0,0,0,0,0,0
550,lägenhet,hyra,3,75,m²,True,2025-07-26,Björkgatan 59,59.30943,18.16317,5,0,0,0,0,0,0,0,0
551,hus,köpa,6,114,m²,True,2025-05-07,Parkvägen 11,57.69311,11.9529,6,0,0,0,0,0,0,0,0
552,hus,köpa,1,22,m²,True,2025-10-01,Hornsgatan 22,55.56418,12.9736,2,0,0,0,0,0,0,0,0
553,lägenhet,hyra,6,114,m²,True,2025-12-21,Storgatan 6,55.56015,12.97248,2,0,0,0,0,0,0,0,0
554,lägenhet,köpa,3,57,m²,True,2025-12-31,Lindvägen 21,59.36264,17.99828,16,0,0,0,0,0,0,0,0
555,hus,köpa,4,76,m²,True,2025-08-31,Björkgatan 21,57.70732,11.97128,14,0,0,0,0,0,0,0,0
556,hus,köpa,3,78,m²,True,2026-05-06,Parkvägen 6,55.56436,12.97677,2,0,0,0,0,0,0,0,0
557,lägenhet,köpa,4,80,m²,True,2025-06-06,Björkgatan 74,55.61598,12.97506,7,0,0,0,0,0,0,0,0
558,hus,köpa,5,120,m²,False,2025-10-15,Hornsgatan 90,59.31557,18.07225,1,0,0,0,0,0,0,0,0
559,lägenhet,köpa,3,78,m²,True,2025-12-09,Bergsgatan 45,59.33967,18.07742,8,0,0,0,0,0,0,0,0
560,hus,köpa,4,112,m²,True,2025-08-28,Strandvägen 15,59.31482,18.07424,1,0,0,0,0,0,0,0,0
561,hus,köpa,1,18,m²,False,2026-02-28,Kyrkogatan 58,59.33631,17.93624,10,0,0,0,0,0,0,0,0
562,lägenhet,hyra,2,38,m²,False,2025-11-25,Sveavägen 79,55.56317,12.97553,2,0,0,0,0,0,0,0,0
563,hus,köpa,5,135,m²,True,2025-09-05,Storgatan 32,55.56557,12.97534,2,0,0,0,0,0,0,0,0
564,hus,köpa,4,76,m²,True,2026-02-01,Strandvägen 68,55.61129,12.97386,7,0,0,0,0,0,0,0,0
565,hus,köpa,4,112,m²,True,2026-02-24,Lindvägen 110,55.59076,13.03013,3,0,0,0,0,0,0,0,0
566,lägenhet,köpa,2,48,m²,True,2025-11-26,Skolvägen 12,57.69522,11.93223,12,0,0,0,0,0,0,0,0
567,lägenhet,köpa,3,69,m²,True,2025-07-03,Hornsgatan 33,57.69409,11.95278,6,0,0,0,0,0,0,0,0
568,lägenhet,köpa,5,125,m²,True,2025-11-13,Sveavägen 100,55.59225,13.02834,3,0,0,0,0,0,0,0,0
569,lägenhet,köpa,5,125,m²,True,2025-12-23,Kungsgatan 31,55.61465,12.97361,7,0,0,0,0,0,0,0,0
570,hus,hyra,6,120,m²,True,2026-03-21,Strandvägen 25,55.55906,12.97343,2,0,0,0,0,0,0,0,0
571,hus,köpa,1,19,m²,True,2025-12-29,Skolvägen 103,55.58959,12.9302,17,0,0,0,0,0,0,0,0
572,hus,köpa,1,23,m²,True,2025-09-11,Drottninggatan 33,59.31443,18.16489,5,0,0,0,0,0,0,0,0
573,hus,köpa,4,92,m²,True,2025-08-04,Bergsgatan 72,59.31248,18.16677,5,0,0,0,0,0,0,0,0
574,hus,köpa,3,81,m²,True,2025-06-27,Drottninggatan 62,55.58277,12.92613,17,0,0,0,0,0,0,0,0
575,lägenhet,köpa,1,25,m²,False,2025-09-18,Björkgatan 89,57.69936,11.94973,6,0,0,0,0,0,0,0,0
576,hus,köpa,3,69,m²,False,2025-11-26,Parkvägen 46,57.6988,11.94875,6,0,0,0,0,0,0,0,0
577,hus,hyra,4,80,m²,False,2025-09-25,Lindvägen 25,55.58946,13.02934,3,0,0,0,0,0,0,0,0
578,lägenhet,köpa,6,138,m²,True,2025-05-20,Drottninggatan 84,59.3333,17.94167,10,0,0,0,0,0,0,0,0
579,lägenhet,köpa,5,140,m²,False,2026-02-21,Parkvägen 52,59.342,18.07814,8,0,0,0,0,0,0,0,0
580,hus,köpa,6,162,m²,True,2026-03-02,Skolvägen 78,55.59056,13.03468,3,0,0,0,0,0,0,0,0
581,lägenhet,köpa,5,105,m²,False,2025-11-05,Skolvägen 32,55.58962,13.03362,3,0,0,0,0,0,0,0,0
582,lägenhet,hyra,3,60,m²,True,2026-04-12,Storgatan 40,57.7,11.93579,12,0,0,0,0,0,0,0,0
583,hus,köpa,6,108,m²,True,2025-06-19,Bergsgatan 32,55.55854,12.97598,2,0,0,0,0,0,0,0,0
584,hus,köpa,6,108,m²,True,2026-02-24,Parkvägen 104,57.73127,11.89642,13,0,0,0,0,0,0,0,0
585,lägenhet,köpa,1,27,m²,False,2025-12-11,Parkvägen 49,55.58887,12.93314,17,0,0,0,0,0,0,0,0
586,hus,köpa,1,25,m²,False,2025-09-29,Drottninggatan 86,57.69636,11.95069,6,0,0,0,0,0,0,0,0
587,lägenhet,köpa,5,115,m²,True,2026-03-09,Lindvägen 53,59.34085,18.08388,8,0,0,0,0,0,0,0,0
588,hus,köpa,1,24,m²,True,2026-04-18,Hornsgatan 2,59.33904,18.08045,8,0,0,0,0,0,0,0,0
589,lägenhet,hyra,4,100,m²,False,2026-04-02,Sveavägen 109,57.72895,11.90387,13,0,0,0,0,0,0,0,0
590,hus,köpa,2,52,m²,False,2026-01-27,Sveavägen 58,55.56115,12.97859,2,0,0,0,0,0,0,0,0
591,hus,köpa,6,162,m²,True,2025-08-28,Bergsgatan 87,59.3297,18.0276,9,0,0,0,0,0,0,0,0
592,lägenhet,hyra,5,110,m²,True,2025-05-16,Kungsgatan 58,55.61327,12.97742,7,0,0,0,0,0,0,0,0
593,lägenhet,köpa,3,60,m²,True,2025-08-23,Kyrkogatan 48,57.70651,11.97728,14,0,0,0,0,0,0,0,0
594,hus,köpa,2,38,m²,True,2025-11-19,Drottninggatan 72,55.58713,13.02886,3,0,0,0,0,0,0,0,0
595,hus,köpa,6,156,m²,False,2026-01-13,Sveavägen 57,59.33972,17.94043,10,0,0,0,0,0,0,0,0
596,lägenhet,köpa,3,81,m²,True,2025-05-29,Drottninggatan 7,55.61034,12.97724,7,0,0,0,0,0,0,0,0
597,hus,köpa,1,26,m²,False,2025-05-24,Bergsgatan 88,57.73048,11.9024,13,0,0,0,0,0,0,0,0
598,hus,köpa,1,19,m²,False,2025-11-30,Björkgatan 41,57.69425,11.95187,6,0,0,0,0,0,0,0,0
599,hus,köpa,6,162,m²,True,2026-02-22,Strandvägen 77,59.24443,18.09177,18,0,0,0,0,0,0,0,0
600,lägenhet,hyra,3,66,m²,True,2026-01-15,Kungsgatan 13,59.38514,17.89881,11,0,0,0,0,0,0,0,0
601,hus,köpa,1,22,m²,True,2025-07-25,Kungsgatan 89,55.61118,12.97767,7,0,0,0,0,0,0,0,0
602,lägenhet,hyra,2,54,m²,True,2025-12-14,Storgatan 55,55.58983,12.93101,17,0,0,0,0,0,0,0,0
603,lägenhet,köpa,3,69,m²,True,2025-08-19,Kungsgatan 109,59.38505,17.90216,11,0,0,0,0,0,0,0,0
604,hus,köpa,6,132,m²,True,2025-09-01,Storgatan 51,57.69514,11.93015,12,0,0,0,0,0,0,0,0
605,lägenhet,köpa,2,36,m²,True,2025-09-18,Skolvägen 60,57.69646,11.95102,6,0,0,0,0,0,0,0,0
606,lägenhet,köpa,3,60,m²,True,2025-06-04,Strandvägen 98,55.58585,12.9301,17,0,0,0,0,0,0,0,0
607,hus,hyra,6,126,m²,False,2025-10-28,Skolvägen 25,59.33747,18.07893,8,0,0,0,0,0,0,0,0
608,lägenhet,köpa,1,24,m²,True,2025-08-24,Kyrkogatan 113,57.7286,11.89788,13,0,0,0,0,0,0,0,0
609,hus,köpa,5,140,m²,False,2025-09-15,Kyrkogatan 41,59.31565,18.06801,1,0,0,0,0,0,0,0,0
610,lägenhet,hyra,1,22,m²,True,2025-09-29,Björkgatan 99,59.36845,18.15296,15,0,0,0,0,0,0,0,0
611,hus,köpa,4,88,m²,True,2025-11-05,Kyrkogatan 34,59.30354,18.00313,20,0,0,0,0,0,0,0,0
612,hus,köpa,5,95,m²,False,2025-12-11,Kungsgatan 51,55.56425,12.97382,2,0,0,0,0,0,0,0,0
613,hus,köpa,2,38,m²,False,2025-07-18,Björkgatan 18,55.61292,12.97356,7,0,0,0,0,0,0,0,0
614,lägenhet,köpa,1,24,m²,True,2025-08-10,Hornsgatan 73,55.59456,13.03297,3,0,0,0,0,0,0,0,0
615,lägenhet,köpa,2,52,m²,True,2025-08-31,Parkvägen 10,59.30722,18.16026,5,0,0,0,0,0,0,0,0
616,lägenhet,köpa,5,125,m²,True,2025-05-14,Björkgatan 82,55.58704,12.9297,17,0,0,0,0,0,0,0,0
617,lägenhet,köpa,2,38,m²,False,2025-07-01,Strandvägen 107,59.29935,17.998730000000002,20,0,0,0,0,0,0,0,0
618,hus,köpa,1,19,m²,True,2026-01-22,Kyrkogatan 83,57.73141,11.90056,13,0,0,0,0,0,0,0,0
619,hus,köpa,5,90,m²,True,2025-12-29,Lindvägen 107,55.59223,13.03516,3,0,0,0,0,0,0,0,0
620,lägenhet,köpa,6,144,m²,True,2025-10-24,Sveavägen 70,57.69365,11.95237,6,0,0,0,0,0,0,0,0
621,hus,köpa,5,100,m²,True,2025-08-19,Parkvägen 98,57.707,11.97379,14,0,0,0,0,0,0,0,0
622,hus,köpa,5,120,m²,True,2025-08-07,Sveavägen 5,59.33748,18.07762,8,0,0,0,0,0,0,0,0
623,lägenhet,köpa,6,138,m²,True,2025-10-19,Lindvägen 72,55.58805,12.9339,17,0,0,0,0,0,0,0,0
624,hus,köpa,5,115,m²,True,2025-12-20,Skolvägen 11,55.58486,12.92643,17,0,0,0,0,0,0,0,0
625,lägenhet,köpa,5,140,m²,True,2025-09-19,Kyrkogatan 42,59.31267,18.07207,1,0,0,0,0,0,0,0,0
626,lägenhet,hyra,5,105,m²,False,2025-10-30,Kungsgatan 16,55.58683,12.92994,17,0,0,0,0,0,0,0,0
627,hus,köpa,4,100,m²,True,2025-12-29,Drottninggatan 98,57.73261,11.89695,13,0,0,0,0,0,0,0,0
628,hus,köpa,4,96,m²,True,2026-01-31,Storgatan 71,57.70036,11.93199,12,0,0,0,0,0,0,0,0
629,hus,köpa,6,156,m²,False,2025-08-03,Hornsgatan 108,55.61682,12.97456,7,0,0,0,0,0,0,0,0
630,hus,köpa,4,72,m²,True,2026-02-21,Storgatan 119,55.58713,13.03342,3,0,0,0,0,0,0,0,0
631,hus,köpa,2,38,m²,True,2026-03-12,Lindvägen 16,55.56088,12.9734,2,0,0,0,0,0,0,0,0
632,hus,hyra,1,27,m²,True,2026-05-06,Bergsgatan 3,59.30296,17.99851,20,0,0,0,0,0,0,0,0
633,lägenhet,köpa,3,57,m²,False,2025-09-02,Kungsgatan 102,55.58373,12.93205,17,0,0,0,0,0,0,0,0
634,lägenhet,hyra,1,20,m²,False,2026-03-12,Sveavägen 86,59.33821,18.07625,8,0,0,0,0,0,0,0,0
635,hus,köpa,6,126,m²,True,2025-05-15,Storgatan 61,57.69935,11.93087,12,0,0,0,0,0,0,0,0
636,lägenhet,köpa,6,156,m²,True,2025-12-23,Kyrkogatan 74,55.59094,13.031,3,0,0,0,0,0,0,0,0
637,hus,köpa,2,52,m²,True,2026-03-17,Kungsgatan 108,55.58709,12.93058,17,0,0,0,0,0,0,0,0
638,hus,köpa,5,135,m²,True,2025-09-19,Kyrkogatan 93,59.30153,18.00261,20,0,0,0,0,0,0,0,0
639,lägenhet,köpa,1,25,m²,True,2026-04-13,Sveavägen 62,55.59117,13.03276,3,0,0,0,0,0,0,0,0
640,lägenhet,hyra,3,66,m²,True,2026-04-19,Sveavägen 68,59.3813,17.90117,11,0,0,0,0,0,0,0,0
641,hus,köpa,2,50,m²,True,2025-07-21,Strandvägen 87,57.71215,11.9735,14,0,0,0,0,0,0,0,0
642,hus,köpa,1,21,m²,True,2026-03-29,Lindvägen 73,55.58839,13.03173,3,0,0,0,0,0,0,0,0
643,lägenhet,hyra,3,84,m²,False,2025-08-03,Storgatan 65,57.69905,11.93035,12,0,0,0,0,0,0,0,0
644,lägenhet,köpa,3,75,m²,True,2025-08-12,Storgatan 27,57.71103,11.97372,14,0,0,0,0,0,0,0,0
645,hus,köpa,4,92,m²,False,2025-09-07,Bergsgatan 101,59.30456,18.00264,20,0,0,0,0,0,0,0,0
646,lägenhet,hyra,3,69,m²,True,2026-01-21,Sveavägen 28,55.56207,12.97489,2,0,0,0,0,0,0,0,0
647,lägenhet,köpa,5,110,m²,True,2025-08-17,Skolvägen 28,57.70153,11.93407,12,0,0,0,0,0,0,0,0
648,lägenhet,köpa,4,104,m²,True,2025-09-01,Sveavägen 112,57.69545,11.95098,6,0,0,0,0,0,0,0,0
649,lägenhet,hyra,1,25,m²,True,2025-05-26,Lindvägen 46,57.69458,11.95058,6,0,0,0,0,0,0,0,0
650,hus,köpa,5,125,m²,False,2026-03-21,Kyrkogatan 12,59.35853,18.00458,16,0,0,0,0,0,0,0,0
651,hus,köpa,4,108,m²,True,2025-07-03,Lindvägen 116,57.73383,11.90227,13,0,0,0,0,0,0,0,0
652,lägenhet,köpa,5,125,m²,True,2025-10-26,Lindvägen 18,55.56196,12.97171,2,0,0,0,0,0,0,0,0
653,lägenhet,köpa,2,42,m²,True,2026-03-08,Kungsgatan 66,57.70265,11.9369,12,0,0,0,0,0,0,0,0
654,lägenhet,köpa,6,168,m²,False,2025-05-31,Strandvägen 62,55.61311,12.97957,7,0,0,0,0,0,0,0,0
655,lägenhet,köpa,6,120,m²,True,2026-04-18,Hornsgatan 69,57.70593,11.9721,14,0,0,0,0,0,0,0,0
656,lägenhet,köpa,3,78,m²,True,2025-06-12,Kyrkogatan 60,55.61235,12.97273,7,0,0,0,0,0,0,0,0
657,hus,köpa,6,162,m²,False,2026-04-14,Drottninggatan 8,57.69616,11.93278,12,0,0,0,0,0,0,0,0
658,hus,köpa,3,57,m²,True,2026-03-23,Hornsgatan 109,59.38314,17.90377,11,0,0,0,0,0,0,0,0
659,lägenhet,hyra,1,22,m²,True,2026-01-17,Bergsgatan 40,59.38473,17.8996,11,0,0,0,0,0,0,0,0
660,hus,köpa,5,130,m²,True,2026-03-18,Drottninggatan 67,59.34004,17.94262,10,0,0,0,0,0,0,0,0
661,hus,köpa,2,56,m²,True,2026-04-25,Storgatan 106,59.36229,18.00476,16,0,0,0,0,0,0,0,0
662,hus,köpa,3,63,m²,True,2025-10-14,Kungsgatan 18,57.69877,11.93677,12,0,0,0,0,0,0,0,0
663,hus,köpa,5,110,m²,True,2025-05-14,Storgatan 84,59.35851,18.00099,16,0,0,0,0,0,0,0,0
664,lägenhet,hyra,5,140,m²,False,2026-04-12,Kungsgatan 92,55.61375,12.97212,7,0,0,0,0,0,0,0,0
665,lägenhet,köpa,3,69,m²,True,2025-08-02,Sveavägen 102,57.70012,11.93111,12,0,0,0,0,0,0,0,0
666,lägenhet,hyra,3,63,m²,True,2025-10-10,Björkgatan 4,59.34583,18.0477,4,0,0,0,0,0,0,0,0
667,lägenhet,köpa,5,130,m²,False,2026-01-13,Lindvägen 43,59.38651,17.90416,11,0,0,0,0,0,0,0,0
668,hus,köpa,2,48,m²,True,2025-08-08,Parkvägen 91,59.34072,17.93824,10,0,0,0,0,0,0,0,0
669,lägenhet,köpa,2,44,m²,True,2026-01-08,Sveavägen 55,59.36278,17.96841,19,0,0,0,0,0,0,0,0
670,lägenhet,hyra,5,95,m²,True,2025-11-20,Skolvägen 33,55.56325,12.97689,2,0,0,0,0,0,0,0,0
671,lägenhet,köpa,5,105,m²,False,2025-09-04,Hornsgatan 27,57.69631,11.95071,6,0,0,0,0,0,0,0,0
672,hus,köpa,1,27,m²,True,2025-07-23,Parkvägen 95,55.5636,12.97356,2,0,0,0,0,0,0,0,0
673,lägenhet,köpa,3,75,m²,True,2026-01-23,Björkgatan 8,57.70753,11.97224,14,0,0,0,0,0,0,0,0
674,hus,köpa,1,26,m²,True,2026-04-22,Kyrkogatan 69,57.69807,11.95571,6,0,0,0,0,0,0,0,0
675,lägenhet,hyra,5,120,m²,False,2026-03-04,Skolvägen 73,57.7083,11.97485,14,0,0,0,0,0,0,0,0
676,hus,köpa,4,80,m²,False,2025-12-02,Parkvägen 110,57.73013,11.90394,13,0,0,0,0,0,0,0,0
677,hus,köpa,4,112,m²,True,2025-11-22,Hornsgatan 19,55.61405,12.97581,7,0,0,0,0,0,0,0,0
678,lägenhet,köpa,2,40,m²,True,2026-03-11,Bergsgatan 91,59.35968,17.97,19,0,0,0,0,0,0,0,0
679,hus,köpa,1,28,m²,True,2025-12-17,Strandvägen 95,59.34621,18.05137,4,0,0,0,0,0,0,0,0
680,hus,köpa,1,28,m²,True,2025-11-16,Lindvägen 39,57.69825,11.94965,6,0,0,0,0,0,0,0,0
681,hus,köpa,3,75,m²,False,2025-09-03,Skolvägen 83,57.73243,11.89904,13,0,0,0,0,0,0,0,0
682,hus,köpa,1,22,m²,False,2025-05-28,Kyrkogatan 5,55.58945,13.0286,3,0,0,0,0,0,0,0,0
683,lägenhet,hyra,4,100,m²,True,2025-07-25,Parkvägen 74,57.73228,11.90293,13,0,0,0,0,0,0,0,0
684,hus,köpa,6,138,m²,True,2026-01-15,Kyrkogatan 1,55.58601,12.92771,17,0,0,0,0,0,0,0,0
685,hus,köpa,4,80,m²,False,2025-10-20,Kyrkogatan 73,55.59326,13.03413,3,0,0,0,0,0,0,0,0
686,lägenhet,hyra,4,104,m²,True,2026-05-03,Skolvägen 87,55.58302,12.92639,17,0,0,0,0,0,0,0,0
687,hus,köpa,3,72,m²,True,2025-07-20,Parkvägen 97,55.59376,13.03105,3,0,0,0,0,0,0,0,0
688,hus,köpa,5,90,m²,True,2026-04-27,Skolvägen 69,59.33518,17.94244,10,0,0,0,0,0,0,0,0
689,hus,köpa,4,84,m²,True,2025-11-17,Lindvägen 1,57.69489,11.95588,6,0,0,0,0,0,0,0,0
690,lägenhet,hyra,2,54,m²,True,2026-04-01,Kungsgatan 29,55.58867,12.92781,17,0,0,0,0,0,0,0,0
691,hus,köpa,3,66,m²,True,2025-09-28,Drottninggatan 54,55.59236,13.02933,3,0,0,0,0,0,0,0,0
692,lägenhet,köpa,4,88,m²,False,2026-02-23,Sveavägen 58,55.61598,12.97324,7,0,0,0,0,0,0,0,0
693,hus,köpa,3,57,m²,True,2025-12-16,Björkgatan 71,57.69922,11.92944,12,0,0,0,0,0,0,0,0
694,hus,köpa,2,56,m²,True,2025-11-22,Björkgatan 8,57.70116,11.93067,12,0,0,0,0,0,0,0,0
695,lägenhet,köpa,3,57,m²,True,2026-03-28,Hornsgatan 73,55.61099,12.97367,7,0,0,0,0,0,0,0,0
696,lägenhet,hyra,1,25,m²,True,2025-08-25,Parkvägen 41,59.31136,18.06876,1,0,0,0,0,0,0,0,0
697,lägenhet,köpa,5,140,m²,False,2025-06-01,Storgatan 63,57.69494,11.94901,6,0,0,0,0,0,0,0,0
698,lägenhet,köpa,2,46,m²,True,2025-12-19,Kungsgatan 75,59.33873,17.93878,10,0,0,0,0,0,0,0,0
699,lägenhet,hyra,2,48,m²,True,2026-01-17,Drottninggatan 106,59.3593,17.99982,16,0,0,0,0,0,0,0,0
700,hus,köpa,5,120,m²,True,2025-06-14,Hornsgatan 109,59.31185,18.07139,1,0,0,0,0,0,0,0,0
701,hus,hyra,3,81,m²,True,2026-01-11,Lindvägen 2,57.73201,11.89866,13,0,0,0,0,0,0,0,0
702,hus,köpa,2,52,m²,True,2025-12-23,Kyrkogatan 30,57.69951,11.95492,6,0,0,0,0,0,0,0,0
703,hus,köpa,6,138,m²,False,2026-01-31,Björkgatan 15,55.56197,12.97398,2,0,0,0,0,0,0,0,0
704,lägenhet,hyra,5,125,m²,True,2025-10-29,Kungsgatan 67,55.58964,12.93118,17,0,0,0,0,0,0,0,0
705,lägenhet,köpa,4,76,m²,True,2026-04-11,Skolvägen 64,57.69702,11.94995,6,0,0,0,0,0,0,0,0
706,lägenhet,köpa,5,140,m²,True,2026-01-01,Hornsgatan 43,59.36373,17.96902,19,0,0,0,0,0,0,0,0
707,hus,köpa,1,24,m²,True,2026-01-03,Hornsgatan 91,55.5872,12.93211,17,0,0,0,0,0,0,0,0
708,lägenhet,hyra,5,120,m²,True,2025-08-04,Björkgatan 104,55.56587,12.97178,2,0,0,0,0,0,0,0,0
709,lägenhet,köpa,1,19,m²,False,2025-08-13,Björkgatan 73,59.31357,18.06893,1,0,0,0,0,0,0,0,0
710,lägenhet,köpa,5,120,m²,True,2026-02-04,Kyrkogatan 31,59.38177,17.90246,11,0,0,0,0,0,0,0,0
711,lägenhet,köpa,3,69,m²,True,2025-12-23,Kyrkogatan 68,55.61568,12.97567,7,0,0,0,0,0,0,0,0
712,hus,köpa,3,54,m²,True,2025-12-19,Kyrkogatan 106,55.5892,12.92607,17,0,0,0,0,0,0,0,0
713,lägenhet,hyra,2,42,m²,True,2026-01-16,Drottninggatan 55,59.32911,18.0309,9,0,0,0,0,0,0,0,0
714,hus,köpa,3,75,m²,True,2025-06-30,Bergsgatan 103,57.69988,11.93044,12,0,0,0,0,0,0,0,0
715,hus,köpa,3,54,m²,True,2025-12-31,Björkgatan 78,55.58711,13.0326,3,0,0,0,0,0,0,0,0
716,lägenhet,köpa,4,72,m²,True,2026-02-05,Storgatan 27,57.6935,11.95194,6,0,0,0,0,0,0,0,0
717,hus,köpa,5,130,m²,True,2025-11-26,Lindvägen 9,59.24288,18.09789,18,0,0,0,0,0,0,0,0
718,hus,köpa,1,20,m²,True,2025-06-11,Bergsgatan 8,57.72742,11.90163,13,0,0,0,0,0,0,0,0
719,lägenhet,köpa,3,69,m²,True,2025-11-17,Kungsgatan 45,57.69728,11.95177,6,0,0,0,0,0,0,0,0
720,lägenhet,hyra,4,76,m²,True,2026-01-30,Parkvägen 79,55.5864,12.92719,17,0,0,0,0,0,0,0,0
721,lägenhet,köpa,1,25,m²,True,2025-06-17,Storgatan 65,57.72775,11.90163,13,0,0,0,0,0,0,0,0
722,lägenhet,köpa,6,126,m²,True,2025-10-13,Sveavägen 52,57.70029,11.93522,12,0,0,0,0,0,0,0,0
723,hus,köpa,6,144,m²,True,2026-01-10,Drottninggatan 29,55.58988,12.9308,17,0,0,0,0,0,0,0,0
724,lägenhet,köpa,6,120,m²,True,2026-03-12,Skolvägen 110,55.61528,12.97825,7,0,0,0,0,0,0,0,0
725,lägenhet,köpa,1,18,m²,True,2026-03-17,Björkgatan 72,55.58582,12.93288,17,0,0,0,0,0,0,0,0
726,hus,köpa,5,110,m²,True,2026-03-26,Drottninggatan 50,59.3596,18.0007,16,0,0,0,0,0,0,0,0
727,lägenhet,hyra,4,80,m²,True,2025-11-03,Björkgatan 16,57.69709,11.9559,6,0,0,0,0,0,0,0,0
728,lägenhet,köpa,1,27,m²,True,2026-01-13,Kungsgatan 24,57.73033,11.90095,13,0,0,0,0,0,0,0,0
729,lägenhet,hyra,4,92,m²,True,2025-08-30,Bergsgatan 107,57.69435,11.95158,6,0,0,0,0,0,0,0,0
730,hus,köpa,2,38,m²,True,2025-12-05,Sveavägen 102,57.71022,11.97223,14,0,0,0,0,0,0,0,0
731,hus,köpa,3,60,m²,True,2025-11-04,Storgatan 37,59.29861,17.99786,20,0,0,0,0,0,0,0,0
732,lägenhet,hyra,4,80,m²,True,2025-06-05,Hornsgatan 118,57.69667,11.95306,6,0,0,0,0,0,0,0,0
733,lägenhet,köpa,6,138,m²,True,2026-04-04,Drottninggatan 72,55.58625,12.92804,17,0,0,0,0,0,0,0,0
734,lägenhet,köpa,2,56,m²,True,2025-07-19,Kyrkogatan 26,57.70688,11.97336,14,0,0,0,0,0,0,0,0
735,lägenhet,köpa,2,54,m²,True,2025-09-25,Drottninggatan 43,59.34096,18.07666,8,0,0,0,0,0,0,0,0
736,lägenhet,köpa,6,150,m²,True,2025-11-28,Sveavägen 59,55.58965,13.03387,3,0,0,0,0,0,0,0,0
737,hus,köpa,2,42,m²,False,2025-11-29,Hornsgatan 65,57.72688,11.90017,13,0,0,0,0,0,0,0,0
738,hus,köpa,1,24,m²,True,2026-04-05,Strandvägen 118,57.70961,11.97459,14,0,0,0,0,0,0,0,0
739,hus,köpa,2,50,m²,False,2026-02-26,Parkvägen 83,59.24157,18.09548,18,0,0,0,0,0,0,0,0
740,lägenhet,köpa,2,48,m²,False,2026-01-28,Kyrkogatan 23,55.61377,12.97991,7,0,0,0,0,0,0,0,0
741,hus,köpa,1,27,m²,True,2025-10-21,Bergsgatan 61,59.33418,18.02862,9,0,0,0,0,0,0,0,0
742,hus,hyra,5,125,m²,True,2026-01-24,Björkgatan 13,57.71218,11.97762,14,0,0,0,0,0,0,0,0
743,hus,köpa,2,42,m²,True,2025-12-06,Parkvägen 58,55.60986,12.97354,7,0,0,0,0,0,0,0,0
744,hus,köpa,5,135,m²,False,2025-08-13,Drottninggatan 111,59.36174,17.9676,19,0,0,0,0,0,0,0,0
745,lägenhet,hyra,3,72,m²,True,2025-09-10,Parkvägen 45,59.34339,18.04743,4,0,0,0,0,0,0,0,0
746,hus,köpa,3,78,m²,True,2025-12-12,Hornsgatan 94,57.69449,11.95322,6,0,0,0,0,0,0,0,0
747,lägenhet,köpa,2,56,m²,True,2025-06-11,Storgatan 52,55.59244,13.03147,3,0,0,0,0,0,0,0,0
748,hus,hyra,1,18,m²,True,2025-08-24,Strandvägen 77,57.71158,11.97156,14,0,0,0,0,0,0,0,0
749,lägenhet,hyra,3,57,m²,True,2026-01-08,Bergsgatan 5,55.58542,12.93227,17,0,0,0,0,0,0,0,0
750,hus,köpa,5,130,m²,False,2025-06-22,Lindvägen 106,55.56417,12.97645,2,0,0,0,0,0,0,0,0
751,hus,köpa,6,150,m²,True,2025-08-24,Parkvägen 108,55.56092,12.97586,2,0,0,0,0,0,0,0,0
752,hus,köpa,4,112,m²,True,2026-02-08,Skolvägen 99,55.56089,12.97619,2,0,0,0,0,0,0,0,0
753,lägenhet,hyra,6,168,m²,False,2025-06-01,Hornsgatan 94,59.33945,18.08158,8,0,0,0,0,0,0,0,0
754,lägenhet,köpa,2,56,m²,True,2025-11-22,Storgatan 88,59.34507,18.04711,4,0,0,0,0,0,0,0,0
755,lägenhet,köpa,5,140,m²,True,2025-08-05,Strandvägen 92,57.72942,11.90392,13,0,0,0,0,0,0,0,0
756,lägenhet,hyra,4,72,m²,True,2025-09-19,Drottninggatan 93,55.58414,12.9293,17,0,0,0,0,0,0,0,0
757,lägenhet,köpa,1,18,m²,True,2026-05-07,Bergsgatan 84,55.6112,12.97423,7,0,0,0,0,0,0,0,0
758,lägenhet,hyra,1,19,m²,True,2025-06-09,Kyrkogatan 41,55.58873,13.03257,3,0,0,0,0,0,0,0,0
759,hus,köpa,2,56,m²,False,2025-08-23,Storgatan 22,59.30909,18.16362,5,0,0,0,0,0,0,0,0
760,hus,köpa,3,81,m²,False,2025-09-17,Drottninggatan 63,55.61594,12.97313,7,0,0,0,0,0,0,0,0
761,lägenhet,köpa,6,120,m²,False,2025-09-20,Strandvägen 60,57.69949,11.95163,6,0,0,0,0,0,0,0,0
762,lägenhet,köpa,6,126,m²,True,2025-11-30,Bergsgatan 37,55.56519,12.97887,2,0,0,0,0,0,0,0,0
763,lägenhet,köpa,2,42,m²,True,2025-10-29,Strandvägen 2,55.61388,12.9763,7,0,0,0,0,0,0,0,0
764,lägenhet,köpa,4,92,m²,True,2026-01-01,Storgatan 46,59.31902,18.07494,1,0,0,0,0,0,0,0,0
765,hus,köpa,1,18,m²,True,2025-09-30,Kyrkogatan 68,59.30085,17.999,20,0,0,0,0,0,0,0,0
766,lägenhet,hyra,4,108,m²,True,2025-09-22,Björkgatan 103,57.69808,11.94951,6,0,0,0,0,0,0,0,0
767,lägenhet,köpa,3,69,m²,True,2025-12-30,Lindvägen 37,57.70773,11.97157,14,0,0,0,0,0,0,0,0
768,hus,köpa,3,63,m²,True,2025-10-11,Parkvägen 79,55.58979,13.0311,3,0,0,0,0,0,0,0,0
769,lägenhet,köpa,5,125,m²,True,2025-08-03,Björkgatan 16,57.69855,11.9338,12,0,0,0,0,0,0,0,0
770,lägenhet,köpa,3,63,m²,True,2026-02-20,Drottninggatan 40,57.73145,11.90277,13,0,0,0,0,0,0,0,0
771,hus,köpa,3,81,m²,True,2025-11-07,Lindvägen 5,57.7025,11.9296,12,0,0,0,0,0,0,0,0
772,lägenhet,hyra,6,120,m²,True,2025-09-02,Hornsgatan 78,55.5856,12.93138,17,0,0,0,0,0,0,0,0
773,hus,köpa,3,54,m²,False,2025-09-15,Drottninggatan 91,55.58785,13.03471,3,0,0,0,0,0,0,0,0
774,hus,köpa,2,38,m²,True,2025-08-31,Storgatan 84,57.69996,11.93273,12,0,0,0,0,0,0,0,0
775,hus,köpa,2,52,m²,True,2025-12-09,Parkvägen 111,57.72872,11.9021,13,0,0,0,0,0,0,0,0
776,lägenhet,köpa,1,25,m²,True,2025-07-15,Björkgatan 106,59.33833,17.94091,10,0,0,0,0,0,0,0,0
777,hus,köpa,1,26,m²,True,2025-08-25,Kyrkogatan 87,59.38403,17.89734,11,0,0,0,0,0,0,0,0
778,hus,köpa,5,110,m²,True,2026-03-31,Kyrkogatan 71,57.73316,11.90173,13,0,0,0,0,0,0,0,0
779,lägenhet,hyra,1,27,m²,True,2025-12-29,Björkgatan 13,59.31548,18.06825,1,0,0,0,0,0,0,0,0
780,hus,köpa,2,38,m²,False,2025-05-10,Lindvägen 70,59.35896,18.00443,16,0,0,0,0,0,0,0,0
781,hus,köpa,6,120,m²,False,2025-10-31,Skolvägen 59,59.38215,17.90079,11,0,0,0,0,0,0,0,0
782,hus,hyra,6,168,m²,True,2025-08-24,Parkvägen 81,55.59463,13.03284,3,0,0,0,0,0,0,0,0
783,lägenhet,köpa,6,162,m²,True,2026-04-22,Strandvägen 61,55.5831,12.93255,17,0,0,0,0,0,0,0,0
784,lägenhet,hyra,3,84,m²,False,2025-10-08,Storgatan 96,55.56047,12.97827,2,0,0,0,0,0,0,0,0
785,lägenhet,köpa,5,105,m²,True,2026-04-11,Parkvägen 59,59.35794,17.96837,19,0,0,0,0,0,0,0,0
786,lägenhet,köpa,3,69,m²,True,2025-05-19,Skolvägen 96,55.61413,12.97499,7,0,0,0,0,0,0,0,0
787,hus,köpa,3,54,m²,False,2026-01-14,Drottninggatan 27,55.58991,12.9319,17,0,0,0,0,0,0,0,0
788,lägenhet,köpa,6,150,m²,True,2026-02-28,Strandvägen 103,55.58763,13.03479,3,0,0,0,0,0,0,0,0
789,hus,köpa,6,138,m²,True,2026-01-26,Skolvägen 100,55.58586,12.93041,17,0,0,0,0,0,0,0,0
790,lägenhet,köpa,1,24,m²,True,2026-02-27,Kungsgatan 84,55.56249,12.9749,2,0,0,0,0,0,0,0,0
791,lägenhet,köpa,6,156,m²,True,2026-02-15,Drottninggatan 85,59.30328,18.00101,20,0,0,0,0,0,0,0,0
792,hus,hyra,2,38,m²,True,2026-02-12,Parkvägen 110,57.72905,11.8999,13,0,0,0,0,0,0,0,0
793,hus,köpa,2,54,m²,True,2026-04-14,Lindvägen 50,57.69554,11.93681,12,0,0,0,0,0,0,0,0
794,hus,köpa,3,54,m²,True,2025-10-18,Drottninggatan 2,57.70934,11.97565,14,0,0,0,0,0,0,0,0
795,hus,köpa,5,135,m²,True,2026-01-09,Sveavägen 50,55.5632,12.97894,2,0,0,0,0,0,0,0,0
796,hus,köpa,5,100,m²,True,2025-11-14,Lindvägen 105,55.58484,12.93149,17,0,0,0,0,0,0,0,0
797,lägenhet,köpa,6,144,m²,True,2025-11-20,Bergsgatan 78,55.58488,12.93314,17,0,0,0,0,0,0,0,0
798,lägenhet,hyra,2,44,m²,True,2025-10-12,Kungsgatan 58,59.33545,18.08104,8,0,0,0,0,0,0,0,0
799,hus,köpa,5,135,m²,True,2025-11-09,Parkvägen 111,59.38078,17.90339,11,0,0,0,0,0,0,0,0
800,hus,köpa,5,135,m²,True,2025-12-19,Kyrkogatan 94,57.7298,11.90012,13,0,0,0,0,0,0,0,0
801,hus,köpa,5,105,m²,True,2025-08-10,Storgatan 65,59.36514,18.15321,15,0,0,0,0,0,0,0,0
802,hus,köpa,1,28,m²,True,2025-11-04,Lindvägen 78,59.35723,18.00229,16,0,0,0,0,0,0,0,0
803,hus,köpa,4,104,m²,False,2025-06-08,Lindvägen 113,57.70856,11.97396,14,0,0,0,0,0,0,0,0
804,lägenhet,köpa,3,63,m²,True,2025-12-13,Bergsgatan 67,57.70984,11.97366,14,0,0,0,0,0,0,0,0
805,hus,köpa,2,48,m²,True,2026-03-10,Kungsgatan 68,59.33598,18.07895,8,0,0,0,0,0,0,0,0
806,lägenhet,köpa,2,38,m²,True,2025-11-26,Strandvägen 75,55.59334,13.03227,3,0,0,0,0,0,0,0,0
807,lägenhet,köpa,5,125,m²,True,2025-11-28,Parkvägen 21,55.56164,12.97711,2,0,0,0,0,0,0,0,0
808,lägenhet,köpa,6,150,m²,True,2025-11-04,Bergsgatan 41,59.33002,18.03068,9,0,0,0,0,0,0,0,0
809,lägenhet,hyra,5,115,m²,True,2026-03-17,Strandvägen 2,55.61501,12.97378,7,0,0,0,0,0,0,0,0
810,hus,hyra,1,23,m²,True,2025-07-27,Parkvägen 23,57.73248,11.89885,13,0,0,0,0,0,0,0,0
811,hus,köpa,5,130,m²,True,2025-06-06,Kungsgatan 118,55.56359,12.97797,2,0,0,0,0,0,0,0,0
812,hus,köpa,6,162,m²,True,2025-09-11,Strandvägen 92,55.56402,12.97337,2,0,0,0,0,0,0,0,0
813,lägenhet,köpa,4,80,m²,False,2026-02-03,Björkgatan 72,57.73334,11.89847,13,0,0,0,0,0,0,0,0
814,hus,köpa,4,76,m²,True,2025-06-24,Storgatan 30,57.69914,11.93091,12,0,0,0,0,0,0,0,0
815,hus,köpa,4,76,m²,False,2025-10-31,Skolvägen 74,55.59046,13.03156,3,0,0,0,0,0,0,0,0
816,lägenhet,köpa,4,96,m²,False,2026-04-07,Björkgatan 94,57.69625,11.92935,12,0,0,0,0,0,0,0,0
817,lägenhet,köpa,3,84,m²,True,2026-03-23,Drottninggatan 87,55.5868,12.92699,17,0,0,0,0,0,0,0,0
818,hus,köpa,4,84,m²,True,2026-02-23,Kyrkogatan 107,57.6985,11.95407,6,0,0,0,0,0,0,0,0
819,lägenhet,köpa,3,75,m²,True,2026-01-20,Parkvägen 71,55.56193,12.97869,2,0,0,0,0,0,0,0,0
820,lägenhet,köpa,3,81,m²,True,2026-01-24,Björkgatan 29,59.33486,18.08321,8,0,0,0,0,0,0,0,0
821,lägenhet,köpa,3,60,m²,True,2026-05-04,Strandvägen 85,59.24441,18.09394,18,0,0,0,0,0,0,0,0
822,lägenhet,köpa,6,150,m²,True,2025-05-13,Kyrkogatan 42,59.38477,17.89818,11,0,0,0,0,0,0,0,0
823,hus,köpa,1,28,m²,True,2026-02-04,Strandvägen 36,55.61385,12.97332,7,0,0,0,0,0,0,0,0
824,lägenhet,hyra,3,66,m²,True,2025-05-19,Strandvägen 117,57.73232,11.90031,13,0,0,0,0,0,0,0,0
825,lägenhet,köpa,5,125,m²,False,2026-04-04,Skolvägen 24,59.31861,18.06795,1,0,0,0,0,0,0,0,0
826,lägenhet,hyra,6,138,m²,True,2025-07-15,Skolvägen 9,59.32989,18.02557,9,0,0,0,0,0,0,0,0
827,lägenhet,köpa,2,46,m²,True,2025-08-17,Hornsgatan 12,59.36482,18.15235,15,0,0,0,0,0,0,0,0
828,lägenhet,köpa,3,78,m²,True,2025-12-07,Björkgatan 67,55.55972,12.97733,2,0,0,0,0,0,0,0,0
829,hus,köpa,5,125,m²,False,2025-05-27,Lindvägen 51,57.69983,11.94894,6,0,0,0,0,0,0,0,0
830,hus,köpa,2,38,m²,True,2026-02-19,Kyrkogatan 10,59.34317,18.05141,4,0,0,0,0,0,0,0,0
831,lägenhet,hyra,5,95,m²,True,2025-12-26,Parkvägen 28,59.31643,18.07207,1,0,0,0,0,0,0,0,0
832,lägenhet,köpa,5,125,m²,True,2025-07-31,Storgatan 52,59.33345,17.94371,10,0,0,0,0,0,0,0,0
833,lägenhet,hyra,6,144,m²,True,2025-09-28,Parkvägen 12,57.69607,11.95477,6,0,0,0,0,0,0,0,0
834,lägenhet,hyra,6,120,m²,True,2025-09-08,Skolvägen 40,59.33824,17.94142,10,0,0,0,0,0,0,0,0
835,lägenhet,hyra,2,46,m²,False,2026-01-10,Sveavägen 5,55.59391,13.02997,3,0,0,0,0,0,0,0,0
836,hus,köpa,4,104,m²,True,2026-04-25,Kungsgatan 3,59.36002,17.99998,16,0,0,0,0,0,0,0,0
837,lägenhet,köpa,1,19,m²,False,2026-04-23,Björkgatan 49,57.73049,11.89974,13,0,0,0,0,0,0,0,0
838,hus,köpa,6,126,m²,True,2026-02-13,Skolvägen 27,55.61413,12.97645,7,0,0,0,0,0,0,0,0
839,hus,köpa,6,144,m²,True,2025-06-02,Skolvägen 111,55.55883,12.97452,2,0,0,0,0,0,0,0,0
840,hus,köpa,6,162,m²,True,2026-01-15,Hornsgatan 28,57.70195,11.93586,12,0,0,0,0,0,0,0,0
841,lägenhet,hyra,1,27,m²,True,2025-06-24,Kyrkogatan 31,59.36012,17.99927,16,0,0,0,0,0,0,0,0
842,lägenhet,köpa,5,140,m²,True,2025-12-21,Kungsgatan 39,57.70535,11.97578,14,0,0,0,0,0,0,0,0
843,hus,köpa,3,72,m²,True,2026-03-30,Skolvägen 8,57.69323,11.94958,6,0,0,0,0,0,0,0,0
844,hus,köpa,5,90,m²,False,2025-12-18,Lindvägen 40,55.56478,12.97632,2,0,0,0,0,0,0,0,0
845,hus,hyra,3,57,m²,True,2026-03-25,Kungsgatan 41,57.71242,11.97107,14,0,0,0,0,0,0,0,0
846,hus,köpa,5,135,m²,True,2025-10-01,Kungsgatan 49,57.69582,11.9333,12,0,0,0,0,0,0,0,0
847,lägenhet,hyra,1,24,m²,True,2026-02-03,Lindvägen 78,59.33254,18.03137,9,0,0,0,0,0,0,0,0
848,hus,köpa,3,75,m²,True,2026-03-10,Skolvägen 15,55.6137,12.97741,7,0,0,0,0,0,0,0,0
849,hus,köpa,1,22,m²,True,2026-01-04,Storgatan 38,57.70741,11.97303,14,0,0,0,0,0,0,0,0
850,lägenhet,köpa,2,50,m²,True,2025-10-21,Parkvägen 53,55.5826,12.93262,17,0,0,0,0,0,0,0,0
851,lägenhet,hyra,6,156,m²,True,2026-05-05,Drottninggatan 11,57.70111,11.9348,12,0,0,0,0,0,0,0,0
852,hus,köpa,6,108,m²,False,2025-11-14,Parkvägen 8,59.35824,17.96985,19,0,0,0,0,0,0,0,0
853,lägenhet,köpa,2,54,m²,False,2026-04-10,Bergsgatan 116,55.60976,12.9758,7,0,0,0,0,0,0,0,0
854,hus,köpa,2,48,m²,True,2025-05-14,Sveavägen 4,57.6975,11.93475,12,0,0,0,0,0,0,0,0
855,hus,köpa,5,135,m²,False,2025-07-12,Storgatan 54,59.33355,17.93631,10,0,0,0,0,0,0,0,0
856,lägenhet,köpa,6,108,m²,False,2025-12-11,Kyrkogatan 91,59.30806,18.16451,5,0,0,0,0,0,0,0,0
857,hus,köpa,4,92,m²,False,2026-01-08,Bergsgatan 101,55.5923,13.03056,3,0,0,0,0,0,0,0,0
858,hus,köpa,1,22,m²,True,2025-09-12,Kungsgatan 65,59.33209,18.02606,9,0,0,0,0,0,0,0,0
859,lägenhet,hyra,1,24,m²,False,2026-02-02,Lindvägen 85,57.69721,11.95187,6,0,0,0,0,0,0,0,0
860,hus,köpa,2,44,m²,True,2025-06-01,Sveavägen 57,59.33712,18.07802,8,0,0,0,0,0,0,0,0
861,hus,köpa,3,72,m²,False,2025-08-07,Hornsgatan 72,59.29938,18.00087,20,0,0,0,0,0,0,0,0
862,lägenhet,köpa,6,108,m²,True,2025-08-26,Drottninggatan 59,57.70291,11.93174,12,0,0,0,0,0,0,0,0
863,hus,köpa,6,156,m²,True,2026-02-05,Strandvägen 7,55.58511,12.92639,17,0,0,0,0,0,0,0,0
864,hus,köpa,5,110,m²,True,2026-02-21,Strandvägen 18,57.70692,11.97715,14,0,0,0,0,0,0,0,0
865,lägenhet,köpa,2,56,m²,True,2026-02-26,Drottninggatan 83,57.69757,11.93335,12,0,0,0,0,0,0,0,0
866,hus,hyra,5,115,m²,False,2025-07-05,Lindvägen 91,59.33711,17.94165,10,0,0,0,0,0,0,0,0
867,hus,köpa,3,66,m²,True,2026-02-21,Kungsgatan 108,55.58965,12.92987,17,0,0,0,0,0,0,0,0
868,lägenhet,köpa,1,21,m²,False,2025-08-15,Strandvägen 96,57.72666,11.89824,13,0,0,0,0,0,0,0,0
869,hus,köpa,4,72,m²,True,2025-06-25,Sveavägen 120,57.69826,11.95507,6,0,0,0,0,0,0,0,0
870,lägenhet,hyra,2,46,m²,False,2026-04-09,Sveavägen 72,59.34117,18.04951,4,0,0,0,0,0,0,0,0
871,hus,köpa,4,100,m²,True,2025-09-21,Skolvägen 66,55.59315,13.03513,3,0,0,0,0,0,0,0,0
872,hus,köpa,1,22,m²,True,2025-07-26,Drottninggatan 13,59.36674,18.14732,15,0,0,0,0,0,0,0,0
873,lägenhet,hyra,3,84,m²,True,2026-01-17,Storgatan 28,55.60978,12.97383,7,0,0,0,0,0,0,0,0
874,lägenhet,köpa,4,80,m²,False,2025-12-10,Lindvägen 74,57.69898,11.93133,12,0,0,0,0,0,0,0,0
875,hus,köpa,3,54,m²,True,2025-08-05,Hornsgatan 119,55.58346,12.92616,17,0,0,0,0,0,0,0,0
876,lägenhet,hyra,1,21,m²,True,2025-09-10,Storgatan 53,55.61447,12.97849,7,0,0,0,0,0,0,0,0
877,lägenhet,köpa,6,126,m²,False,2025-05-31,Skolvägen 45,59.33597,18.07877,8,0,0,0,0,0,0,0,0
878,hus,köpa,6,150,m²,False,2025-10-15,Sveavägen 53,57.69909,11.95143,6,0,0,0,0,0,0,0,0
879,lägenhet,hyra,4,108,m²,True,2026-04-26,Skolvägen 106,55.58733,12.9302,17,0,0,0,0,0,0,0,0
880,lägenhet,köpa,2,40,m²,False,2025-10-05,Björkgatan 8,59.34041,17.93724,10,0,0,0,0,0,0,0,0
881,lägenhet,hyra,1,24,m²,True,2026-02-15,Hornsgatan 57,55.58851,12.92898,17,0,0,0,0,0,0,0,0
882,lägenhet,köpa,3,78,m²,True,2025-09-29,Parkvägen 97,57.71068,11.97641,14,0,0,0,0,0,0,0,0
883,lägenhet,hyra,5,130,m²,True,2025-06-15,Hornsgatan 105,57.69772,11.95403,6,0,0,0,0,0,0,0,0
884,hus,köpa,6,132,m²,False,2026-02-18,Skolvägen 61,59.36168,17.96929,19,0,0,0,0,0,0,0,0
885,hus,köpa,1,22,m²,True,2025-11-17,Sveavägen 28,55.59142,13.03569,3,0,0,0,0,0,0,0,0
886,lägenhet,hyra,2,56,m²,True,2025-07-05,Sveavägen 113,55.59194,13.03082,3,0,0,0,0,0,0,0,0
887,hus,köpa,3,66,m²,True,2026-03-07,Storgatan 73,55.56426,12.97292,2,0,0,0,0,0,0,0,0
888,lägenhet,köpa,5,95,m²,True,2025-11-07,Parkvägen 60,57.73217,11.90365,13,0,0,0,0,0,0,0,0
889,lägenhet,köpa,3,60,m²,False,2025-09-07,Storgatan 89,59.30972,18.16109,5,0,0,0,0,0,0,0,0
890,lägenhet,hyra,4,100,m²,True,2025-10-13,Björkgatan 38,57.69881,11.93072,12,0,0,0,0,0,0,0,0
891,hus,köpa,1,27,m²,True,2025-05-30,Bergsgatan 67,55.56429,12.97544,2,0,0,0,0,0,0,0,0
892,hus,köpa,1,20,m²,False,2026-01-07,Storgatan 54,55.58334,12.93386,17,0,0,0,0,0,0,0,0
893,hus,köpa,2,54,m²,True,2026-04-22,Storgatan 18,59.3327,18.03238,9,0,0,0,0,0,0,0,0
894,hus,köpa,6,108,m²,True,2026-02-04,Kungsgatan 72,57.69937,11.95144,6,0,0,0,0,0,0,0,0
895,hus,köpa,3,72,m²,True,2025-09-28,Sveavägen 92,57.69984,11.93085,12,0,0,0,0,0,0,0,0
896,lägenhet,hyra,2,46,m²,True,2026-02-26,Lindvägen 9,55.58915,13.02825,3,0,0,0,0,0,0,0,0
897,lägenhet,köpa,1,20,m²,True,2025-06-17,Skolvägen 17,57.70031,11.93222,12,0,0,0,0,0,0,0,0
898,hus,köpa,5,140,m²,True,2026-02-25,Parkvägen 38,55.56477,12.97338,2,0,0,0,0,0,0,0,0
899,hus,köpa,5,90,m²,True,2026-04-30,Strandvägen 90,59.3588,17.99778,16,0,0,0,0,0,0,0,0
900,lägenhet,köpa,6,108,m²,True,2026-04-03,Bergsgatan 89,55.58213,12.93066,17,0,0,0,0,0,0,0,0
901,lägenhet,köpa,2,44,m²,True,2025-07-29,Björkgatan 120,55.58363,12.93064,17,0,0,0,0,0,0,0,0
902,hus,köpa,1,20,m²,False,2025-07-11,Drottninggatan 118,59.29959,18.00463,20,0,0,0,0,0,0,0,0
903,lägenhet,köpa,6,114,m²,False,2025-09-12,Storgatan 95,55.60943,12.97559,7,0,0,0,0,0,0,0,0
904,hus,köpa,5,120,m²,False,2025-10-31,Drottninggatan 99,55.56,12.97615,2,0,0,0,0,0,0,0,0
905,lägenhet,hyra,5,95,m²,True,2025-10-21,Lindvägen 39,57.69716,11.94881,6,0,0,0,0,0,0,0,0
906,hus,hyra,5,140,m²,True,2025-06-27,Sveavägen 60,55.59044,13.03386,3,0,0,0,0,0,0,0,0
907,lägenhet,köpa,2,46,m²,False,2025-07-19,Drottninggatan 88,55.59269,13.03023,3,0,0,0,0,0,0,0,0
908,hus,köpa,2,40,m²,False,2026-02-25,Storgatan 8,55.59146,13.03009,3,0,0,0,0,0,0,0,0
909,lägenhet,köpa,1,24,m²,False,2026-01-13,Drottninggatan 19,55.61079,12.9764,7,0,0,0,0,0,0,0,0
910,lägenhet,köpa,2,40,m²,True,2025-07-12,Drottninggatan 22,57.70294,11.93515,12,0,0,0,0,0,0,0,0
911,lägenhet,köpa,4,108,m²,True,2025-09-01,Parkvägen 15,57.72956,11.90162,13,0,0,0,0,0,0,0,0
912,hus,köpa,3,84,m²,False,2026-04-10,Parkvägen 85,57.69447,11.95334,6,0,0,0,0,0,0,0,0
913,lägenhet,köpa,3,60,m²,False,2025-11-09,Kungsgatan 1,57.69515,11.9304,12,0,0,0,0,0,0,0,0
914,lägenhet,köpa,2,50,m²,True,2026-02-10,Bergsgatan 43,59.24576,18.09381,18,0,0,0,0,0,0,0,0
915,hus,köpa,5,115,m²,False,2025-07-29,Kyrkogatan 90,59.31329,18.07177,1,0,0,0,0,0,0,0,0
916,hus,hyra,5,140,m²,False,2025-06-28,Lindvägen 113,55.5924,13.02849,3,0,0,0,0,0,0,0,0
917,lägenhet,köpa,2,38,m²,True,2026-03-23,Lindvägen 33,57.72884,11.90076,13,0,0,0,0,0,0,0,0
918,hus,köpa,4,104,m²,True,2025-08-19,Drottninggatan 18,59.34028,18.07652,8,0,0,0,0,0,0,0,0
919,lägenhet,köpa,6,156,m²,False,2025-11-03,Skolvägen 24,57.69572,11.95231,6,0,0,0,0,0,0,0,0
920,lägenhet,köpa,5,100,m²,True,2025-09-28,Parkvägen 10,59.3684,18.14811,15,0,0,0,0,0,0,0,0
921,hus,köpa,2,38,m²,True,2025-05-17,Strandvägen 38,59.31476,18.07327,1,0,0,0,0,0,0,0,0
922,hus,köpa,2,48,m²,True,2025-09-04,Björkgatan 54,59.33789,17.93769,10,0,0,0,0,0,0,0,0
923,hus,köpa,2,50,m²,True,2025-09-14,Kungsgatan 100,55.56179,12.97665,2,0,0,0,0,0,0,0,0
924,hus,köpa,5,95,m²,False,2025-10-05,Hornsgatan 110,57.6982,11.95344,6,0,0,0,0,0,0,0,0
925,lägenhet,köpa,3,81,m²,True,2025-06-18,Kungsgatan 56,59.36678,18.14781,15,0,0,0,0,0,0,0,0
926,lägenhet,hyra,6,114,m²,True,2026-04-23,Storgatan 110,55.5636,12.9749,2,0,0,0,0,0,0,0,0
927,lägenhet,köpa,6,114,m²,False,2025-05-09,Kungsgatan 7,57.69729,11.94859,6,0,0,0,0,0,0,0,0
928,hus,köpa,2,56,m²,True,2026-03-28,Bergsgatan 23,57.73277,11.90181,13,0,0,0,0,0,0,0,0
929,hus,köpa,3,78,m²,True,2025-07-30,Kyrkogatan 99,59.33626,18.07804,8,0,0,0,0,0,0,0,0
930,lägenhet,köpa,6,126,m²,True,2025-11-16,Sveavägen 69,59.38189,17.90355,11,0,0,0,0,0,0,0,0
931,lägenhet,hyra,2,42,m²,True,2025-11-02,Kyrkogatan 36,57.69749,11.93362,12,0,0,0,0,0,0,0,0
932,hus,köpa,2,44,m²,True,2025-11-23,Björkgatan 96,59.34104,18.07628,8,0,0,0,0,0,0,0,0
933,hus,köpa,4,96,m²,True,2025-08-17,Sveavägen 22,59.30133,18.00301,20,0,0,0,0,0,0,0,0
934,lägenhet,köpa,6,114,m²,False,2025-10-18,Bergsgatan 88,59.35874,18.00157,16,0,0,0,0,0,0,0,0
935,lägenhet,hyra,2,52,m²,False,2026-03-20,Kyrkogatan 87,59.32877,18.03297,9,0,0,0,0,0,0,0,0
936,lägenhet,hyra,5,115,m²,False,2026-03-11,Parkvägen 71,59.357,17.968890000000002,19,0,0,0,0,0,0,0,0
937,lägenhet,hyra,6,150,m²,True,2025-09-05,Sveavägen 78,59.3796,17.90387,11,0,0,0,0,0,0,0,0
938,hus,köpa,2,56,m²,True,2025-10-23,Skolvägen 117,59.34153,18.07707,8,0,0,0,0,0,0,0,0
939,hus,köpa,4,108,m²,True,2025-08-20,Bergsgatan 4,59.32862,18.02662,9,0,0,0,0,0,0,0,0
940,hus,köpa,5,130,m²,True,2025-05-08,Bergsgatan 10,55.59223,13.03509,3,0,0,0,0,0,0,0,0
941,hus,köpa,6,132,m²,True,2026-04-14,Parkvägen 30,59.30329,18.00169,20,0,0,0,0,0,0,0,0
942,lägenhet,hyra,3,66,m²,True,2026-03-25,Drottninggatan 1,57.69392,11.95294,6,0,0,0,0,0,0,0,0
943,lägenhet,köpa,1,26,m²,True,2026-04-02,Skolvägen 52,57.6937,11.95012,6,0,0,0,0,0,0,0,0
944,lägenhet,hyra,5,90,m²,True,2025-08-20,Skolvägen 76,55.58994,12.932,17,0,0,0,0,0,0,0,0
945,hus,köpa,1,20,m²,True,2025-12-22,Kyrkogatan 36,57.69928,11.95355,6,0,0,0,0,0,0,0,0
946,lägenhet,köpa,2,42,m²,True,2026-05-05,Kungsgatan 68,57.69504,11.93178,12,0,0,0,0,0,0,0,0
947,hus,köpa,1,22,m²,False,2026-03-05,Hornsgatan 28,59.31488,18.1642,5,0,0,0,0,0,0,0,0
948,lägenhet,hyra,1,22,m²,True,2025-06-25,Skolvägen 14,55.59494,13.03061,3,0,0,0,0,0,0,0,0
949,lägenhet,hyra,6,156,m²,True,2026-03-06,Kungsgatan 81,57.73013,11.89855,13,0,0,0,0,0,0,0,0
950,hus,köpa,6,132,m²,True,2025-08-02,Parkvägen 25,55.58483,12.92844,17,0,0,0,0,0,0,0,0
951,hus,köpa,3,81,m²,True,2026-02-15,Björkgatan 21,57.69879,11.93436,12,0,0,0,0,0,0,0,0
952,hus,köpa,5,110,m²,True,2025-08-04,Sveavägen 29,59.31081,18.16021,5,0,0,0,0,0,0,0,0
953,lägenhet,köpa,2,50,m²,True,2026-03-30,Drottninggatan 78,57.70715,11.97117,14,0,0,0,0,0,0,0,0
954,lägenhet,hyra,6,132,m²,True,2026-04-02,Kungsgatan 50,59.33607,17.94213,10,0,0,0,0,0,0,0,0
955,hus,köpa,5,130,m²,False,2025-05-27,Lindvägen 118,55.59312,13.02876,3,0,0,0,0,0,0,0,0
956,hus,hyra,4,96,m²,False,2026-04-05,Skolvägen 35,57.71193,11.97225,14,0,0,0,0,0,0,0,0
957,lägenhet,köpa,4,112,m²,False,2026-01-18,Björkgatan 11,59.3385,18.08178,8,0,0,0,0,0,0,0,0
958,hus,köpa,4,112,m²,True,2026-03-04,Skolvägen 25,59.35918,18.002,16,0,0,0,0,0,0,0,0
959,hus,köpa,1,24,m²,True,2025-10-31,Kyrkogatan 70,55.59298,13.03022,3,0,0,0,0,0,0,0,0
960,lägenhet,hyra,2,40,m²,False,2025-08-01,Drottninggatan 68,55.55942,12.97422,2,0,0,0,0,0,0,0,0
961,lägenhet,hyra,5,95,m²,True,2025-10-31,Kungsgatan 100,55.59118,13.03041,3,0,0,0,0,0,0,0,0
962,lägenhet,köpa,5,95,m²,True,2026-03-27,Parkvägen 85,59.2441,18.09761,18,0,0,0,0,0,0,0,0
963,lägenhet,köpa,3,60,m²,False,2025-06-13,Storgatan 93,59.34639,18.04539,4,0,0,0,0,0,0,0,0
964,lägenhet,hyra,2,50,m²,True,2025-08-21,Storgatan 25,57.72941,11.9024,13,0,0,0,0,0,0,0,0
965,hus,hyra,6,156,m²,True,2026-02-03,Parkvägen 48,57.73032,11.90089,13,0,0,0,0,0,0,0,0
966,hus,köpa,5,125,m²,True,2026-03-12,Strandvägen 112,57.70023,11.93658,12,0,0,0,0,0,0,0,0
967,lägenhet,köpa,4,88,m²,True,2025-11-01,Hornsgatan 44,59.36671,18.14923,15,0,0,0,0,0,0,0,0
968,hus,köpa,3,81,m²,True,2026-02-25,Sveavägen 55,55.58986,12.92735,17,0,0,0,0,0,0,0,0
969,lägenhet,hyra,6,168,m²,True,2025-06-20,Drottninggatan 1,57.69453,11.95522,6,0,0,0,0,0,0,0,0
970,hus,köpa,4,72,m²,True,2026-05-01,Bergsgatan 99,55.59444,13.03269,3,0,0,0,0,0,0,0,0
971,lägenhet,köpa,4,108,m²,True,2025-05-11,Bergsgatan 38,57.7297,11.89808,13,0,0,0,0,0,0,0,0
972,hus,köpa,4,112,m²,True,2025-10-15,Bergsgatan 95,59.38195,17.90137,11,0,0,0,0,0,0,0,0
973,lägenhet,hyra,6,138,m²,False,2026-01-30,Strandvägen 75,59.36079,18.00147,16,0,0,0,0,0,0,0,0
974,lägenhet,köpa,4,80,m²,True,2026-02-07,Drottninggatan 112,55.56206,12.97831,2,0,0,0,0,0,0,0,0
975,lägenhet,köpa,5,110,m²,False,2025-10-15,Hornsgatan 35,55.56189,12.97602,2,0,0,0,0,0,0,0,0
976,lägenhet,köpa,4,76,m²,True,2025-07-10,Kyrkogatan 85,55.59081,13.03026,3,0,0,0,0,0,0,0,0
977,lägenhet,köpa,3,78,m²,True,2026-03-04,Hornsgatan 70,57.73274,11.90208,13,0,0,0,0,0,0,0,0
978,lägenhet,köpa,1,22,m²,True,2025-11-09,Björkgatan 19,59.31157,18.07115,1,0,0,0,0,0,0,0,0
979,hus,köpa,2,40,m²,True,2025-10-11,Storgatan 59,57.70229,11.93148,12,0,0,0,0,0,0,0,0
980,hus,köpa,3,75,m²,True,2025-07-29,Kungsgatan 18,59.35873,17.96803,19,0,0,0,0,0,0,0,0
981,hus,köpa,1,22,m²,True,2025-11-22,Parkvägen 31,57.69803,11.93319,12,0,0,0,0,0,0,0,0
982,hus,köpa,4,76,m²,False,2026-04-30,Sveavägen 31,55.55956,12.97687,2,0,0,0,0,0,0,0,0
983,lägenhet,köpa,1,28,m²,True,2026-02-20,Drottninggatan 113,57.69541,11.95238,6,0,0,0,0,0,0,0,0
984,lägenhet,hyra,1,23,m²,True,2026-03-11,Björkgatan 73,59.36145,18.00346,16,0,0,0,0,0,0,0,0
985,lägenhet,köpa,3,84,m²,True,2026-02-10,Storgatan 87,55.58969,12.92922,17,0,0,0,0,0,0,0,0
986,lägenhet,köpa,5,135,m²,False,2026-01-02,Storgatan 114,57.70295,11.93409,12,0,0,0,0,0,0,0,0
987,hus,köpa,3,54,m²,True,2025-06-14,Björkgatan 82,57.69368,11.95327,6,0,0,0,0,0,0,0,0
988,hus,köpa,2,42,m²,True,2025-08-25,Storgatan 72,57.69915,11.93376,12,0,0,0,0,0,0,0,0
989,hus,köpa,6,132,m²,False,2025-10-18,Parkvägen 102,55.61023,12.97641,7,0,0,0,0,0,0,0,0
990,lägenhet,köpa,6,132,m²,True,2025-06-21,Kungsgatan 97,59.33646,17.936,10,0,0,0,0,0,0,0,0
991,hus,hyra,3,54,m²,True,2025-12-29,Drottninggatan 59,59.36177,17.97247,19,0,0,0,0,0,0,0,0
992,lägenhet,köpa,5,115,m²,False,2025-09-27,Drottninggatan 2,55.56339,12.97232,2,0,0,0,0,0,0,0,0
993,lägenhet,hyra,1,20,m²,True,2025-12-20,Bergsgatan 24,57.69801,11.93697,12,0,0,0,0,0,0,0,0
994,hus,köpa,3,84,m²,False,2025-12-11,Lindvägen 5,59.30473,18.00347,20,0,0,0,0,0,0,0,0
995,hus,köpa,5,135,m²,True,2025-12-27,Storgatan 82,57.69961,11.95423,6,0,0,0,0,0,0,0,0
996,lägenhet,köpa,1,25,m²,True,2026-01-03,Hornsgatan 38,55.61248,12.9747,7,0,0,0,0,0,0,0,0
997,hus,köpa,1,18,m²,True,2025-10-08,Parkvägen 2,59.24611,18.09288,18,0,0,0,0,0,0,0,0
998,hus,köpa,6,126,m²,False,2025-12-19,Parkvägen 11,57.7282,11.90211,13,0,0,0,0,0,0,0,0
999,lägenhet,hyra,4,112,m²,True,2025-10-03,Parkvägen 88,59.30321,17.9994,20,0,0,0,0,0,0,0,0
1000,lägenhet,köpa,5,100,m²,False,2025-09-08,Skolvägen 120,59.33621,18.07887,8,0,0,0,0,0,0,0,0
